Group,Vid.Name,Location,Year,Month,Day,Date,Floral.fam,Floral.genus,Floral.sp,Bee.sp,Total.time.vid,Percent.constancy,Total.forage.behaviors,Total.flowers.visited,Total.Filmed.Behavior,Total.time.Scrape,New_Scrape,Percent.Scrape,Total.Time.RB,New_RB,Percent.RB,Total.Time.RF,New_RF,Percent.RF,Total.Time.Fly,New_Fly,Percent.Fly,Total.Time.Tap,New_Tap,Percent.Tap,Total.Time.Aggr,Total.Time.Mat,Avg.Temp,Max.Temp,Min.Temp,Temp.during,humidity.at.time,total.site.area,total.used.area,flowers.in.bloom,500m.imp.avg,percent.bin.1.IMP,percent.bin.2.IMP,percent.bin.3.IMP,percent.bin.4.IMP,percent.bin.5.IMP,Developed.Open,Developed.Low.Intensity,Developed.High.Intensity,percent.over.50IMP
Urban,Vid1LFjun62019,Laf,2019,Jun,6,06.06.19,Asteracaea,Coreopsis,C.lanceolata,H.ligatus,146,100,3,8,96.656,77.701,0.803892154,0.53219863,3.968,0.041052806,0.027178082,0,0,0,14.101,0.145888512,0.096582192,0.886,0.009166529,0.006068493,0,0,81,95,66,88,52,1975,945,33,Bin4,0,51.7915,45.71118,2.2801,0.2172,53.019,44.566,0.2195,85.50257277
Urban,JuneHLLF1,Laf,2019,Jun,26,06.26.19,Asteracaea,Rudbeckia,R.hirta,H.ligatus,150,100,2,6,88.932,74.462,0.837291414,0.496413333,2.506,0.028178833,0.016706667,0,0,0,11.964,0.134529753,0.07976,0,0,0,0,0,78.2,92,70,89,55,1975,945,33,Bin4,0,51.7915,45.71118,2.2801,0.2172,53.019,44.566,0.2195,85.50257277
Urban,vid1_LF_jun2721,Laf,2021,Jun,27,06.27.21,Asteracaea,Helianthus,H.annuus,H.ligatus,76,100,3,1,98.398,72.739,0.739232505,0.957092105,14.582,0.148194069,0.191868421,0,0,0,1.134,0.011524624,0.014921053,9.943,0.101048802,0.130828947,0,0,79,90,75,87,61,1975,945,13,Bin4,0,51.7915,45.71118,2.2801,0.2172,53.019,44.566,0.2195,85.50257277
Urban,vid8_LF_jul2821,Laf,2021,Jul,28,07.28.21,Asteracaea,Rudbeckia,R.hirta,H.ligatus,55,100,4,3,59.124,39.138,0.661964684,0.7116,4.706,0.079595427,0.085563636,1.634,0.027636831,0.029709091,4.17,0.070529734,0.075818182,9.476,0.160273324,0.172290909,0,0,85,94,74,89,53,1975,945,8,Bin4,0,51.7915,45.71118,2.2801,0.2172,53.019,44.566,0.2195,85.50257277
Urban,vid1_LF_jul2821,Laf,2021,Jul,28,07.28.21,Asteracaea,Rudbeckia,R.hirta,H.ligatus,70,100,3,7,54.992,38.64,0.702647658,0.552,5.307,0.096504946,0.075814286,0,0,0,8.443,0.153531423,0.120614286,2.602,0.047315973,0.037171429,0,0,85,94,74,89,53,1975,945,8,Bin4,0,51.7915,45.71118,2.2801,0.2172,53.019,44.566,0.2195,85.50257277
Urban,vid5_LF_Jul621,Laf,2021,Jul,6,07.06.21,Asteracaea,Rudbeckia,R.hirta,H.ligatus,59,100,4,2,51.393,38.359,0.746385695,0.650152542,6.294,0.12246804,0.106677966,0.767,0.014924211,0.013,1.601,0.031152102,0.027135593,4.372,0.085069951,0.074101695,0,0,84,91,74,89,46,1975,945,8,Bin4,0,51.7915,45.71118,2.2801,0.2172,53.019,44.566,0.2195,85.50257277
Urban,Jun2LFvid2,Laf,2020,Jun,2,06.02.20,Asteracaea,Coreopsis,C.lanceolata,H.ligatus,64,100,2,8,48.33,37.403,0.773908545,0.584421875,5.307,0.109807573,0.082921875,0,0,0,5.62,0.116283882,0.0878125,0,0,0,0,0,77.63,77.63,77.63,82,53,1975,945,33,Bin4,0,51.7915,45.71118,2.2801,0.2172,53.019,44.566,0.2195,85.50257277
Urban,vid3_LFjun921,Laf,2021,Jun,9,06.09.21,Asteracaea,Coreopsis,C.lanceolata,H.ligatus,67,100,1,4,42.943,35.336,0.822858207,0.527402985,0,0,0,0,0,0,7.607,0.177141793,0.113537313,0,0,0,0,0,77,86,71,81,67,1975,945,11,Bin4,0,51.7915,45.71118,2.2801,0.2172,53.019,44.566,0.2195,85.50257277
Urban,vid7_LF_Jul621,Laf,2021,Jul,6,07.06.21,Asteracaea,Coreopsis,C.lanceolata,H.ligatus,78,100,4,4,46.313,34.434,0.743506143,0.441461538,2.636,0.056917064,0.033794872,2.002,0.043227603,0.025666667,5.873,0.126811047,0.075294872,1.368,0.029538143,0.017538462,0,0,84,91,74,89,46,1975,945,8,Bin4,0,51.7915,45.71118,2.2801,0.2172,53.019,44.566,0.2195,85.50257277
Urban,JulyHLLF3,Laf,2019,Jul,8,07.08.19,Asteracaea,Rudbeckia,R.hirta,H.ligatus,42,100,2,3,41.003,32.242,0.786332707,0.767666667,7.255,0.176938273,0.172738095,0,0,0,1.506,0.03672902,0.035857143,0,0,0,0.434,0,80.54,88,72,84,53,1975,945,18,Bin4,0,51.7915,45.71118,2.2801,0.2172,53.019,44.566,0.2195,85.50257277
Urban,Aug25LF3,Laf,2020,Aug,25,08.25.20,Asteracaea,Ratibida,R.pinnata,H.ligatus,67,100,2,2,32.622,30.187,0.925357121,0.450552239,1.135,0.034792471,0.016940299,0,0,0,1.3,0.039850408,0.019402985,0,0,0,0,0,85,94,77,91,50,1975,945,14,Bin4,0,51.7915,45.71118,2.2801,0.2172,53.019,44.566,0.2195,85.50257277
Urban,vid2_LF_jun2721,Laf,2021,Jun,27,06.27.21,Asteracaea,Helianthus,H.annuus,H.ligatus,41,100,2,3,39.371,29.996,0.761880572,0.731609756,5.005,0.127124025,0.122073171,0,0,0,4.37,0.110995403,0.106585366,0,0,0,0,0,79,90,75,87,61,1975,945,13,Bin4,0,51.7915,45.71118,2.2801,0.2172,53.019,44.566,0.2195,85.50257277
Urban,vid4_LF_jun2721,Laf,2021,Jun,27,06.27.21,Asteracaea,Helianthus,H.annuus,H.ligatus,24,100,2,2,21.021,12.313,0.585747586,0.513041667,4.371,0.207934922,0.182125,0,0,0,4.337,0.206317492,0.180708333,0,0,0,0,0,79,90,75,87,61,1975,945,13,Bin4,0,51.7915,45.71118,2.2801,0.2172,53.019,44.566,0.2195,85.50257277
Urban,vid3_LF_jun2721,Laf,2021,Jun,27,06.27.21,Asteracaea,Helianthus,H.annuus,H.ligatus,14,100,2,1,15.183,12.012,0.791147994,0.858,2.47,0.162681947,0.176428571,0,0,0,0.701,0.046170059,0.050071429,0,0,0,0.1,0,79,90,75,87,61,1975,945,13,Bin4,0,51.7915,45.71118,2.2801,0.2172,53.019,44.566,0.2195,85.50257277
Urban,vid1_LF_sept2821,Laf,2021,Sept,28,09.28.21,Amaryllidaceae,Allium,A.tuberosum,H.ligatus,30,100,2,1,29.255,12.003,0.41028884,0.4001,0,0,0,17.25,0.589642796,0.575,0.002,6.84E-05,6.67E-05,0,0,0,0.745,0,78,90,68,84,44,1975,945,8,Bin4,0,51.7915,45.71118,2.2801,0.2172,53.019,44.566,0.2195,85.50257277
Urban,Sept7LF3,Laf,2020,Sept,7,09.07.20,Asteracaea,Rudbeckia,R.hirta,H.ligatus,124,100,3,4,40.6,11.6,0.285714286,0.093548387,20.8,0.512315271,0.167741935,0,0,0,8.2,0.201970443,0.066129032,0,0,0,0,0,82,91,75,88,57,1975,945,8,Bin4,0,51.7915,45.71118,2.2801,0.2172,53.019,44.566,0.2195,85.50257277
Urban,vid2_LFaug2021,Laf,2021,Aug,20,08.20.21,Asteracaea,Tanacetum,T.vulgare,H.ligatus,30,100,2,1,10.644,9.81,0.921645998,0.327,0,0,0,0,0,0,0.834,0.078354002,0.0278,0,0,0,0,0,83,91,75,88,55,1975,945,9,Bin4,0,51.7915,45.71118,2.2801,0.2172,53.019,44.566,0.2195,85.50257277
Urban,Jul23LF2,Laf,2020,Jul,23,07.23.20,Asteracaea,Coreopsis,C.lanceolata,H.ligatus,10,100,1,1,8.72,8.72,1,0.872,0,0,0,0,0,0,0,0,0,0,0,0,0,0,79.5,88,72,87,67,1975,945,18,Bin4,0,51.7915,45.71118,2.2801,0.2172,53.019,44.566,0.2195,85.50257277
Urban,AUGHLLF4,Laf,2019,Aug,6,08.06.19,Asteracaea,Rudbeckia,R.hirta,H.ligatus,17,100,1,2,13.693,8.497,0.62053604,0.499823529,0,0,0,0,0,0,5.196,0.37946396,0.305647059,0,0,0,0,0,79.3,93,69,88,61,1975,945,14,Bin4,0,51.7915,45.71118,2.2801,0.2172,53.019,44.566,0.2195,85.50257277
Urban,vid1_LF_aug1121,Laf,2021,Aug,11,08.11.21,Asteracaea,Rudbeckia,R.hirta,H.ligatus,23,100,1,2,10.644,8.208,0.77113867,0.356869565,0,0,0,0,0,0,2.436,0.22886133,0.105913043,0,0,0,0,0,88,96,81,91,51,1975,945,9,Bin4,0,51.7915,45.71118,2.2801,0.2172,53.019,44.566,0.2195,85.50257277
Urban,vid2_LF_Jun2021,Laf,2021,Jun,20,06.20.21,Asteracaea,Coreopsis,C.lanceolata,H.ligatus,24,100,2,3,13.882,8.176,0.588964126,0.340666667,2.403,0.173101859,0.100125,0,0,0,3.303,0.237934015,0.137625,0,0,0,0,0,84,92,76,90,57,1975,945,13,Bin4,0,51.7915,45.71118,2.2801,0.2172,53.019,44.566,0.2195,85.50257277
Urban,Aug2LF,Laf,2020,Aug,2,08.02.20,Asteracaea,Echinacea,E.purpurea,H.ligatus,22,100,1,2,7.9,7.7,0.974683544,0.35,0,0,0,0,0,0,0.2,0.025316456,0.009090909,0,0,0,0,0,76,86,68,82,60,1975,945,14,Bin4,0,51.7915,45.71118,2.2801,0.2172,53.019,44.566,0.2195,85.50257277
Urban,Jul16LF2,Laf,2020,Jul,16,07.16.20,Asteracaea,Helianthus,H.annuus,H.ligatus,12,100,1,1,7.675,7.675,1,0.639583333,0,0,0,0,0,0,0,0,0,0,0,0,0,0,75.21,86,69,81,65,1975,945,18,Bin4,0,51.7915,45.71118,2.2801,0.2172,53.019,44.566,0.2195,85.50257277
Urban,vid5_LFaug2021,Laf,2021,Aug,20,08.20.21,Asteracaea,Tanacetum,T.vulgare,H.ligatus,13,100,1,1,8.242,7.575,0.919073041,0.582692308,0,0,0,0,0,0,0.667,0.080926959,0.051307692,0,0,0,0,0,83,91,75,88,55,1975,945,9,Bin4,0,51.7915,45.71118,2.2801,0.2172,53.019,44.566,0.2195,85.50257277
Urban,Aug25LF2,Laf,2020,Aug,25,08.25.20,Amaryllidaceae,Allium,A.tuberosum,H.ligatus,14,100,1,1,7.617,7.167,0.940921623,0.511928571,0,0,0,0,0,0,0.45,0.059078377,0.032142857,0,0,0,0.1,0,85,94,77,91,50,1975,945,14,Bin4,0,51.7915,45.71118,2.2801,0.2172,53.019,44.566,0.2195,85.50257277
Urban,vid5_LF_jun2721,Laf,2021,Jun,27,06.27.21,Asteracaea,Helianthus,H.annuus,H.ligatus,220,100,3,1,444.276,210.11,0.472926739,0.955045455,153.82,0.34622622,0.699181818,79.445,0.178819022,0.361113636,0.901,0.002028019,0.004095455,0,0,0,0,0,79,90,75,87,61,1975,945,13,Bin4,0.714,1.014,12.77,53.296,32.20657277,3.106,1.399,0.228,85.50257277
Urban,Vid3LFJun202019,Laf,2019,Jun,20,06.20.19,Asteracaea,Coreopsis,C.lanceolata,H.ligatus,227,100,3,7,186.804,162.032,0.86739042,0.713797357,0.734,0.003929252,0.00323348,5.302,0.02838269,0.023356828,18.736,0.100297638,0.082537445,0,0,0,0,0,81,93,71,76,42,1975,945,33,Bin4,0.714,1.014,12.77,53.296,32.20657277,3.106,1.399,0.228,85.50257277
Urban,Jun2LFvid5,Laf,2020,Jun,2,06.02.20,Asteracaea,Coreopsis,C.lanceolata,H.ligatus,145,100,2,4,148.425,130.003,0.875883443,0.896572414,15.919,0.107252821,0.109786207,0,0,0,2.503,0.016863736,0.017262069,0,0,0,0,0,77.63,77.63,77.63,82,53,1975,945,33,Bin4,0.714,1.014,12.77,53.296,32.20657277,3.106,1.399,0.228,85.50257277
Urban,Jul23LF,Laf,2020,Jul,23,07.23.20,Asteracaea,Helianthus,H.annuus,H.ligatus,154,100,3,1,171.903,127.923,0.744158043,0.830668831,26.228,0.152574417,0.170311688,0,0,0,0,0,0,17.752,0.10326754,0.115272727,0,0,79.5,88,72,87,67,1975,945,18,Bin4,0.714,1.014,12.77,53.296,32.20657277,3.106,1.399,0.228,85.50257277
Urban,Aug2LF3,Laf,2020,Aug,2,08.02.20,Asteracaea,Echinacea,E.purpurea,H.ligatus,160,100,3,3,126.74,115.1,0.908158435,0.719375,3.04,0.023986113,0.019,7,0.055231182,0.04375,1.6,0.01262427,0.01,0,0,0,0,0,76,86,68,82,60,1975,945,14,Bin4,0.714,1.014,12.77,53.296,32.20657277,3.106,1.399,0.228,85.50257277
Urban,vid1_LF_Jul621,Laf,2021,Jul,6,07.06.21,Asteracaea,Ratibida,R.pinnata,H.ligatus,124,100,3,1,160.229,113.49,0.708298747,0.915241935,16.285,0.101635784,0.131330645,0,0,0,1.335,0.008331825,0.010766129,29.119,0.181733644,0.234830645,0,0,84,91,74,89,46,1975,945,8,Bin4,0.714,1.014,12.77,53.296,32.20657277,3.106,1.399,0.228,85.50257277
Urban,Jul23LF4,Laf,2020,Jul,23,07.23.20,Asteracaea,Echinacea,E.pallida,H.ligatus,140,100,2,3,128.7897,111.012,0.86196334,0.792942857,8,0.062116769,0.057142857,0,0,0,9.7777,0.075919891,0.069840714,0,0,0,0,0,79.5,88,72,87,67,1975,945,18,Bin4,0.714,1.014,12.77,53.296,32.20657277,3.106,1.399,0.228,85.50257277
Urban,Aug2LF2,Laf,2020,Aug,2,08.02.20,Asteracaea,Echinacea,E.purpurea,H.ligatus,142,100,1,4,61.57,59.3,0.963131395,0.417605634,0,0,0,0,0,0,2.27,0.036868605,0.015985915,0,0,0,0,0,76,86,68,82,60,1975,945,14,Bin4,0.714,1.014,12.77,53.296,32.20657277,3.106,1.399,0.228,85.50257277
Urban,AUGHLLF3,Laf,2019,Aug,6,08.06.19,Asteracaea,Sonchus,S.asper,H.ligatus,103,100,3,4,73.013,57.683,0.790037391,0.560029126,4.251,0.058222508,0.041271845,0,0,0,3.577,0.048991276,0.034728155,7.502,0.102748826,0.072834951,0,0,78.8,89,71,87,61,1975,945,14,Bin4,0.714,1.014,12.77,53.296,32.20657277,3.106,1.399,0.228,85.50257277
Urban,vid1_LFjun321,Laf,2021,Jun,3,06.03.21,Asteracaea,Coreopsis,C.lanceolata,H.ligatus,84,100,3,2,80.479,55.254,0.686564197,0.657785714,21.789,0.270741436,0.259392857,0,0,0,2.802,0.034816536,0.033357143,0.634,0.007877831,0.007547619,0,0,74,83,65,81,42,1975,945,11,Bin4,0.714,1.014,12.77,53.296,32.20657277,3.106,1.399,0.228,85.50257277
Urban,JulyHLLF1,Laf,2019,Jul,8,07.08.19,Asteracaea,Rudbeckia,R.triloba,H.ligatus,60,100,3,2,79.597,54.596,0.685905248,0.909933333,1.498,0.018819805,0.024966667,0,0,0,8.752,0.109953893,0.145866667,14.751,0.185321055,0.24585,0,0,80.54,88,72,84,53,1975,945,18,Bin4,0.714,1.014,12.77,53.296,32.20657277,3.106,1.399,0.228,85.50257277
Urban,vid5_LF_Jun2021,Laf,2021,Jun,20,06.20.21,Asteracaea,Rudbeckia,R.hirta,H.ligatus,67,100,3,2,65.121,54.177,0.831943613,0.80861194,6.105,0.09374856,0.091119403,1.702,0.026135962,0.025402985,3.137,0.048171865,0.046820896,0,0,0,0,0,84,92,76,90,57,1975,945,13,Bin4,0.714,1.014,12.77,53.296,32.20657277,3.106,1.399,0.228,85.50257277
Urban,JulyHLLF2,Laf,2019,Jul,8,07.08.19,Asteracaea,Sonchus,S.asper,H.ligatus,93,100,3,5,69.504,52.02,0.748446133,0.559354839,7.994,0.115014963,0.085956989,0,0,0,1.495,0.021509553,0.016075269,7.995,0.115029351,0.085967742,0,0,80.54,88,72,84,53,1975,945,18,Bin4,0.714,1.014,12.77,53.296,32.20657277,3.106,1.399,0.228,85.50257277
Urban,vid2_LF_jul2821,Laf,2021,Jul,23,07.23.21,Asteracaea,Rudbeckia,R.hirta,H.ligatus,83,100,4,2,69.14,50.285,0.72729245,0.605843373,9.91,0.143332369,0.11939759,2.603,0.03764825,0.031361446,2.437,0.035247324,0.029361446,3.905,0.056479607,0.047048193,0,0,84,93,76,88,55,1975,945,8,Bin4,0.714,1.014,12.77,53.296,32.20657277,3.106,1.399,0.228,85.50257277
Urban,Jun2LFvid3,Laf,2020,Jun,2,06.02.20,Asteracaea,Coreopsis,C.lanceolata,H.ligatus,90,100,2,7,57.455,48.948,0.851936298,0.543866667,3.27,0.056914107,0.036333333,0,0,0,5.237,0.091149595,0.058188889,0,0,0,0.367,0,77.63,77.63,77.63,82,53,1975,945,33,Bin4,0.714,1.014,12.77,53.296,32.20657277,3.106,1.399,0.228,85.50257277
Urban,vid9_LF_Jul621,Laf,2021,Jul,6,07.06.21,Asteracaea,Ratibida,R.pinnata,H.ligatus,75,100,1,2,50.73,46.193,0.91056574,0.615906667,0,0,0,0,0,0,4.537,0.08943426,0.060493333,0,0,0,0,0,84,91,74,89,46,1975,945,8,Bin4,0.714,1.014,12.77,53.296,32.20657277,3.106,1.399,0.228,85.50257277
Urban,vid5LFsept2821,Laf,2021,Sept,28,09.28.21,Asteracaea,Symphyotrichum,S.novae-angliae,H.ligatus,56,100,2,2,64.194,45.706,0.711998006,0.816178571,16.953,0.264090102,0.302732143,0,0,0,1.535,0.023911892,0.027410714,0,0,0,0,0,78,90,68,84,44,1975,945,8,Bin4,0.714,1.014,12.77,53.296,32.20657277,3.106,1.399,0.228,85.50257277
Urban,vid9_LFaug2021,Laf,2021,Aug,20,08.20.21,Asteracaea,Rudbeckia,R.hirta,H.ligatus,60,100,2,2,55.691,44.612,0.801063008,0.743533333,1.235,0.022175935,0.020583333,0,0,0,9.844,0.176761057,0.164066667,0,0,0,0,0,83,91,75,88,55,1975,945,7,Bin4,0.714,1.014,12.77,53.296,32.20657277,3.106,1.399,0.228,85.50257277
Urban,AUGHLLF6,Laf,2019,Aug,6,08.06.19,Asteracaea,Rudbeckia,R.hirta,H.ligatus,69,100,2,8,73.088,43.42,0.594078371,0.629275362,8.512,0.116462347,0.123362319,0,0,0,21.156,0.289459282,0.306608696,0,0,0,0,0,79.3,93,69,88,61,1975,945,14,Bin4,0.714,1.014,12.77,53.296,32.20657277,3.106,1.399,0.228,85.50257277
Urban,Vid2LFjun202019,Laf,2019,Jun,20,06.20.19,Asteracaea,Coreopsis,C.lanceolata,H.ligatus,114,100,3,2,82.45,42.884,0.520121286,0.376175439,14.785,0.1793208,0.129692982,24.617,0.29856883,0.215938596,0.164,0.001989084,0.001438596,0,0,0,0,0,81,93,71,76,42,1975,945,33,Bin4,0.714,1.014,12.77,53.296,32.20657277,3.106,1.399,0.228,85.50257277
Urban,vid9_LF_jun2721,Laf,2021,Jun,27,06.27.21,Asteracaea,Ratibida,R.pinnata,H.ligatus,93,100,2,1,43.654,42.686,0.977825629,0.458989247,0.968,0.022174371,0.010408602,0,0,0,0,0,0,0,0,0,0,0,79,90,75,87,61,1975,945,13,Bin4,0.714,1.014,12.77,53.296,32.20657277,3.106,1.399,0.228,85.50257277
Urban,vid8_LF_Jul621,Laf,2021,Jul,6,07.06.21,Asteracaea,Coreopsis,C.lanceolata,H.ligatus,61,100,2,2,46.781,42.476,0.90797546,0.696327869,3.571,0.076334409,0.058540984,0,0,0,0.734,0.015690131,0.012032787,0,0,0,0,0,84,91,74,89,46,1975,945,8,Bin4,0.714,1.014,12.77,53.296,32.20657277,3.106,1.399,0.228,85.50257277
Urban,vid10_LFaug2021,Laf,2021,Aug,20,08.20.21,Asteracaea,Tanacetum,T.vulgare,H.ligatus,53,100,3,1,47.88,41.941,0.875960735,0.791339623,2.77,0.057852966,0.052264151,0,0,0,0,0,0,3.169,0.066186299,0.059792453,0,0,83,91,75,88,55,1975,945,7,Bin4,0.714,1.014,12.77,53.296,32.20657277,3.106,1.399,0.228,85.50257277
Urban,Aug2LF6,Laf,2020,Aug,2,08.02.20,Asteracaea,Echinacea,E.purpurea,H.ligatus,21,100,2,1,23.7,15.6,0.658227848,0.742857143,8,0.337552743,0.380952381,0,0,0,0.1,0.004219409,0.004761905,0,0,0,0,0,76,86,68,82,60,1975,945,14,Bin4,0.714,1.014,12.77,53.296,32.20657277,3.106,1.399,0.228,85.50257277
Urban,Jun2LFvid1,Laf,2020,Jun,2,06.02.20,Asteracaea,Coreopsis,C.lanceolata,H.ligatus,14,100,2,1,11.111,6.907,0.621636216,0.493357143,3.203,0.288272883,0.228785714,0,0,0,1.001,0.090090901,0.0715,0,0,0,0,0,77.63,77.63,77.63,82,53,1975,945,33,Bin4,0.714,1.014,12.77,53.296,32.20657277,3.106,1.399,0.228,85.50257277
Urban,vid13_LFaug2021,Laf,2021,Aug,20,08.20.21,Asteracaea,Tanacetum,T.vulgare,H.ligatus,13,100,1,2,7.909,6.74,0.852193703,0.518461538,0,0,0,0,0,0,1.169,0.147806297,0.089923077,0,0,0,0,0,83,91,75,88,55,1975,945,7,Bin4,0.714,1.014,12.77,53.296,32.20657277,3.106,1.399,0.228,85.50257277
Urban,vid11_LFaug2021,Laf,2021,Aug,20,08.20.21,Asteracaea,Tanacetum,T.vulgare,H.ligatus,8,100,1,1,7.207,6.706,0.930484251,0.83825,0,0,0,0,0,0,0.501,0.069515749,0.062625,0,0,0,0,0,83,91,75,88,55,1975,945,7,Bin4,0.714,1.014,12.77,53.296,32.20657277,3.106,1.399,0.228,85.50257277
Urban,vid7_LF_aug1121,Laf,2021,Aug,11,08.11.21,Asteracaea,Rudbeckia,R.hirta,H.ligatus,18,100,2,3,9.078,6.474,0.713152677,0.359666667,0,0,0,0,0,0,1.636,0.180215907,0.090888889,0.968,0.106631417,0.053777778,0,0,88,96,81,91,51,1975,945,9,Bin4,0.714,1.014,12.77,53.296,32.20657277,3.106,1.399,0.228,85.50257277
Urban,AUGHLLF1,Laf,2019,Aug,6,08.06.19,Asteracaea,Zinnia,Z.elegans,H.ligatus,15,100,1,2,6.2,6,0.967741935,0.4,0,0,0,0,0,0,0.2,0.032258065,0.013333333,0,0,0,0,0,78.8,89,71,87,61,1975,945,14,Bin4,0.714,1.014,12.77,53.296,32.20657277,3.106,1.399,0.228,85.50257277
Urban,LF.9.14.21vid2,Laf,2021,Sept,14,09.14.21,Asteracaea,Tagetes,lemmonii,H.ligatus,18,100,2,2,12.781,5.761,0.450747203,0.320055556,5.012,0.39214459,0.278444444,0,0,0,2.008,0.157108207,0.111555556,0,0,0,0,0,80,92,74,87,55,1975,945,10,Bin4,0.714,1.014,12.77,53.296,32.20657277,3.106,1.399,0.228,85.50257277
Urban,vid4_LFaug2021,Laf,2021,Aug,20,08.20.21,Asteracaea,Tanacetum,T.vulgare,H.ligatus,10,100,2,1,7.141,5.172,0.72426831,0.5172,1.235,0.172944966,0.1235,0,0,0,0.734,0.102786725,0.0734,0,0,0,0,0,83,91,75,88,55,1975,945,9,Bin4,0.714,1.014,12.77,53.296,32.20657277,3.106,1.399,0.228,85.50257277
Urban,vid6_LF_aug1121,Laf,2021,Aug,11,08.11.21,Asteracaea,Rudbeckia,R.hirta,H.ligatus,12,100,1,2,6.805,4.804,0.705951506,0.400333333,0,0,0,0,0,0,2.001,0.294048494,0.16675,0,0,0,0,0,88,96,81,91,51,1975,945,9,Bin4,0.714,1.014,12.77,53.296,32.20657277,3.106,1.399,0.228,85.50257277
Urban,JunHLLF6,Laf,2019,Jun,26,06.26.19,Asteracaea,Coreopsis,C.lanceolata,H.ligatus,15,100,1,2,7.1,4.8,0.676056338,0.32,0,0,0,0,0,0,2.3,0.323943662,0.153333333,0,0,0,0,0,84.8,94,76,88,52,1975,945,33,Bin4,0.714,1.014,12.77,53.296,32.20657277,3.106,1.399,0.228,85.50257277
Urban,AUGHLLF5,Laf,2019,Aug,6,08.06.19,Asteracaea,Rudbeckia,R.triloba,H.ligatus,12,100,1,1,7,4.75,0.678571429,0.395833333,0,0,0,0,0,0,2.25,0.321428571,0.1875,0,0,0,0,0,79.3,93,69,88,61,1975,945,14,Bin4,0.714,1.014,12.77,53.296,32.20657277,3.106,1.399,0.228,85.50257277
Urban,Jul15LF,Laf,2020,Jul,15,07.15.20,Asteracaea,Helianthus,H.annuus,H.ligatus,8,100,2,1,5.206,4.572,0.878217441,0.5715,0.634,0.121782559,0.07925,0,0,0,0,0,0,0,0,0,0,0,78.6,92,69,84,75,1975,945,18,Bin4,0.714,1.014,12.77,53.296,32.20657277,3.106,1.399,0.228,85.50257277
Urban,vid5_LF_aug1121,Laf,2021,Aug,11,08.11.21,Asteracaea,Rudbeckia,R.hirta,H.ligatus,26,100,1,3,8.408,4.338,0.515937203,0.166846154,0,0,0,0,0,0,4.07,0.484062797,0.156538462,0,0,0,0,0,88,96,81,91,51,1975,945,9,Bin4,0.714,1.014,12.77,53.296,32.20657277,3.106,1.399,0.228,85.50257277
Urban,vid7_LF_jul2821,Laf,2021,Jul,28,07.28.21,Asteracaea,Rudbeckia,R.hirta,H.ligatus,13,100,1,1,4.305,3.437,0.798373984,0.264384615,0,0,0,0,0,0,0.868,0.201626016,0.066769231,0,0,0,0,0,85,94,74,89,53,1975,945,8,Bin4,0.714,1.014,12.77,53.296,32.20657277,3.106,1.399,0.228,85.50257277
Urban,vid2_LFjun921,Laf,2021,Jun,9,06.09.21,Asteracaea,Coreopsis,C.lanceolata,H.ligatus,7,100,1,1,4.705,3.437,0.730499469,0.491,0,0,0,0,0,0,1.268,0.269500531,0.181142857,0,0,0,0,0,77,86,71,81,67,1975,945,11,Bin4,0.714,1.014,12.77,53.296,32.20657277,3.106,1.399,0.228,85.50257277
Urban,vid4_LF_aug1121,Laf,2021,Aug,11,08.11.21,Asteracaea,Rudbeckia,R.hirta,H.ligatus,11,100,2,1,5.172,3.403,0.657965971,0.309363636,0,0,0,0,0,0,1.068,0.20649652,0.097090909,0.701,0.13553751,0.063727273,0,0,88,96,81,91,51,1975,945,9,Bin4,0.714,1.014,12.77,53.296,32.20657277,3.106,1.399,0.228,85.50257277
Urban,Vid3LFjun62019,Laf,2019,Jun,6,06.06.19,Asteracaea,Coreopsis,C.lanceolata,H.ligatus,10,100,2,1,9.7,3.3,0.340206186,0.33,1.5,0.154639175,0.15,0,0,0,4.9,0.505154639,0.49,0,0,0,0,0,81,95,66,88,52,1975,945,33,Bin4,0.714,1.014,12.77,53.296,32.20657277,3.106,1.399,0.228,85.50257277
Urban,Aug2LF4,Laf,2020,Aug,2,08.02.20,Asteracaea,Echinacea,E.purpurea,H.ligatus,31,100,1,1,3.3,3.1,0.939393939,0.1,0,0,0,0,0,0,0.2,0.060606061,0.006451613,0,0,0,0,0,76,86,68,82,60,1975,945,14,Bin4,0.714,1.014,12.77,53.296,32.20657277,3.106,1.399,0.228,85.50257277
Urban,JuneHLLF2,Laf,2019,Jun,26,06.26.19,Asteracaea,Rudbeckia,R.hirta,H.ligatus,10,100,1,3,7.872,2.866,0.364075203,0.2866,0,0,0,0,0,0,5.006,0.635924797,0.5006,0,0,0,0,0,78.2,92,70,89,55,1975,945,33,Bin4,0.714,1.014,12.77,53.296,32.20657277,3.106,1.399,0.228,85.50257277
Urban,vid3_LF_jul2821,Laf,2021,Jul,28,07.28.21,Asteracaea,Rudbeckia,R.hirta,H.ligatus,17,100,1,4,6.007,2.837,0.472282337,0.166882353,0,0,0,0,0,0,3.17,0.527717663,0.186470588,0,0,0,0,0,85,94,74,89,53,1975,945,8,Bin4,0.714,1.014,12.77,53.296,32.20657277,3.106,1.399,0.228,85.50257277
Urban,vid1_LFjun921,Laf,2021,Jun,9,06.09.21,Asteracaea,Coreopsis,C.lanceolata,H.ligatus,12,100,1,1,4.271,2.669,0.624912199,0.222416667,0,0,0,0,0,0,1.602,0.375087801,0.1335,0,0,0,0,0,77,86,71,81,67,1975,945,11,Bin4,0.714,1.014,12.77,53.296,32.20657277,3.106,1.399,0.228,85.50257277
Urban,vid1_LF_Jun2021,Laf,2021,Jun,20,06.20.21,Asteracaea,Coreopsis,C.lanceolata,H.ligatus,11,100,1,2,6.673,2.403,0.360107897,0.218454545,0,0,0,0,0,0,4.27,0.639892103,0.388181818,0,0,0,0,0,84,92,76,90,57,1975,945,13,Bin4,0.714,1.014,12.77,53.296,32.20657277,3.106,1.399,0.228,85.50257277
Urban,Jun25LFvid2,Laf,2020,Jun,25,06.25.20,Asteracaea,Rudbeckia,R.subtomentosa,H.ligatus,9,100,1,1,2,1.5,0.75,0.166666667,0,0,0,0,0,0,0.5,0.25,0.055555556,0,0,0,0,0,76.92,88,61,83.5,44,1975,945,33,Bin4,0.714,1.014,12.77,53.296,32.20657277,3.106,1.399,0.228,85.50257277
Urban,JulyHLLF4,Laf,2019,Jul,8,07.08.19,Asteracaea,Rudbeckia,R.hirta,H.ligatus,128,100,3,5,135.348,104.806,0.774344652,0.818796875,13.501,0.099750273,0.105476563,0,0,0,4.249,0.03139315,0.033195313,12.792,0.094511925,0.0999375,0,0,80.54,88,72,84,53,1975,945,18,Bin4,78.155,14.369,4.66,2.136,0.68,14.369,4.66,0.68,85.50257277
Urban,vid2.LF9.8.21,Laf,2021,Sept,8,09.08.21,Asteracaea,Tanacetum,T.vulgare,H.ligatus,123,100,2,3,117.232,100.989,0.86144568,0.82104878,13.232,0.112870206,0.107577236,0,0,0,3.011,0.025684114,0.024479675,0,0,0,0,0,75,84,64,81,40,1975,945,9,Bin4,78.155,14.369,4.66,2.136,0.68,14.369,4.66,0.68,85.50257277
Urban,vid4_LF_sept2821,Laf,2021,Sept,28,09.28.21,Asteracaea,Symphyotrichum,S.novae-angliae,H.ligatus,120,100,3,4,131.39,98.074,0.74643428,0.817283333,26.067,0.198394094,0.217225,0,0,0,3.492,0.026577365,0.0291,3.757,0.028594261,0.031308333,0.299,0,78,90,68,84,44,1975,945,8,Bin4,78.155,14.369,4.66,2.136,0.68,14.369,4.66,0.68,85.50257277
Urban,JuneHLLF4,Laf,2019,Jun,26,06.26.19,Asteracaea,Coreopsis,C.lanceolata,H.ligatus,130,100,4,7,112.88,97.045,0.859718285,0.7465,1.168,0.010347271,0.008984615,1.434,0.012703756,0.011030769,12.7,0.112508859,0.097692308,0.533,0.004721828,0.0041,0.411,0,78.2,92,70,89,55,1975,945,33,Bin4,78.155,14.369,4.66,2.136,0.68,14.369,4.66,0.68,85.50257277
Urban,Sept7LF4,Laf,2020,Sept,7,09.07.20,Asteracaea,Rudbeckia,R.hirta,H.ligatus,114,100,2,4,104.6,94.7,0.905353728,0.830701754,0.9,0.008604207,0.007894737,0,0,0,9,0.086042065,0.078947368,0,0,0,0,0,82,91,75,88,57,1975,945,8,Bin4,78.155,14.369,4.66,2.136,0.68,14.369,4.66,0.68,85.50257277
Urban,vid2_LF_sept2821,Laf,2021,Sept,28,09.28.21,Asteracaea,Symphyotrichum,S.novae-angliae,H.ligatus,108,100,2,2,104.01,89.256,0.858148255,0.826444444,13.249,0.127381983,0.122675926,0,0,0,1.505,0.014469763,0.013935185,0,0,0,0,0,78,90,68,84,44,1975,945,8,Bin4,78.155,14.369,4.66,2.136,0.68,14.369,4.66,0.68,85.50257277
Urban,vid3_LFaug2021,Laf,2021,Aug,20,08.20.21,Asteracaea,Tanacetum,T.vulgare,H.ligatus,99,100,2,1,92.06,86.755,0.942374538,0.876313131,4.404,0.047838366,0.044484848,0,0,0,0.901,0.009787095,0.00910101,0,0,0,0,0,83,91,75,88,55,1975,945,9,Bin4,78.155,14.369,4.66,2.136,0.68,14.369,4.66,0.68,85.50257277
Urban,JulyHLLF8,Laf,2019,Jul,30,07.30.19,Asteracaea,Rudbeckia,R.hirta,H.ligatus,106,100,2,3,118.617,85.231,0.718539501,0.804066038,27.586,0.232563629,0.260245283,0,0,0,5.8,0.04889687,0.054716981,0,0,0,0,0,77.2,84,71,82,51,1975,945,18,Bin4,78.155,14.369,4.66,2.136,0.68,14.369,4.66,0.68,85.50257277
Urban,vid10_LF_Jun2021,Laf,2021,Jun,20,06.20.21,Asteracaea,Ratibida,R.pinnata,H.ligatus,102,100,2,1,96.488,84.309,0.87377705,0.826558824,12.179,0.12622295,0.119401961,0,0,0,0,0,0,0,0,0,0,0,84,92,76,90,57,1975,945,13,Bin4,78.155,14.369,4.66,2.136,0.68,14.369,4.66,0.68,85.50257277
Urban,Jun18LFvid1,Laf,2020,Jun,18,06.18.20,Asteracaea,Coreopsis,C.lanceolata,H.ligatus,109,100,2,4,100.791,83.943,0.832842218,0.770119266,11.343,0.11253981,0.10406422,0,0,0,5.505,0.054617972,0.050504587,0,0,0,0,0,75.68,89,61,84,35,1975,945,33,Bin4,78.155,14.369,4.66,2.136,0.68,14.369,4.66,0.68,85.50257277
Urban,vid12_LF_Jun2021,Laf,2021,Jun,20,06.20.21,Asteracaea,Echinacea,E.paradoxa,H.ligatus,112,100,1,1,84.751,81.114,0.957086052,0.724232143,0,0,0,0,0,0,3.637,0.042913948,0.032473214,0,0,0,0,0,84,92,76,90,57,1975,945,13,Bin4,78.155,14.369,4.66,2.136,0.68,14.369,4.66,0.68,85.50257277
Urban,vid3.LF9.8.21,Laf,2021,Sept,8,09.08.21,Asteracaea,Tanacetum,T.vulgare,H.ligatus,97,100,3,1,82.8757,70.5007,0.850679994,0.72681134,8.996,0.108548103,0.092742268,3.003,0.036234988,0.030958763,0.376,0.004536915,0.003876289,0,0,0,0,0,75,84,64,81,40,1975,945,9,Bin4,78.155,14.369,4.66,2.136,0.68,14.369,4.66,0.68,85.50257277
Urban,JuneHLLF5,Laf,2019,Jun,26,06.26.19,Asteracaea,Coreopsis,C.lanceolata,H.ligatus,115,100,2,8,94.705,68.491,0.723203632,0.595573913,0,0,0,0,0,0,17.463,0.184393643,0.151852174,8.751,0.092402724,0.076095652,0,0,78.2,92,70,89,55,1975,945,33,Bin4,78.155,14.369,4.66,2.136,0.68,14.369,4.66,0.68,85.50257277
Urban,Jul23LF3,Laf,2020,Jul,23,07.23.20,Asteracaea,Echinacea,E.purpurea,H.ligatus,92,100,3,2,76.942,68.334,0.888123522,0.74276087,4.971,0.064607107,0.054032609,0,0,0,0.468,0.006082504,0.005086957,3.169,0.041186868,0.034445652,0,0,79.5,88,72,87,67,1975,945,18,Bin4,78.155,14.369,4.66,2.136,0.68,14.369,4.66,0.68,85.50257277
Urban,vid9_LF_Jun2021,Laf,2021,Jun,20,06.20.21,Asteracaea,Rudbeckia,R.hirta,H.ligatus,91,100,3,2,74.955,67.115,0.895403909,0.737527473,4.537,0.060529651,0.049857143,0,0,0,2.335,0.031152025,0.025659341,0.968,0.012914415,0.010637363,0,0,84,92,76,90,57,1975,945,13,Bin4,78.155,14.369,4.66,2.136,0.68,14.369,4.66,0.68,85.50257277
Urban,Jul16LF,Laf,2020,Jul,16,07.16.20,Asteracaea,Helianthus,H.annuus,H.ligatus,81,100,2,1,83.825,65.254,0.778455115,0.805604938,18.571,0.221544885,0.229271605,0,0,0,0,0,0,0,0,0,0,0,75.21,86,69,81,65,1975,945,18,Bin4,78.155,14.369,4.66,2.136,0.68,14.369,4.66,0.68,85.50257277
Urban,vid12_LFaug2021,Laf,2021,Aug,20,08.20.21,Asteracaea,Tanacetum,T.vulgare,H.ligatus,102,100,2,2,69.269,65.198,0.941229121,0.639196078,1.735,0.025047279,0.017009804,0,0,0,2.336,0.033723599,0.022901961,0,0,0,0,0,83,91,75,88,55,1975,945,7,Bin4,78.155,14.369,4.66,2.136,0.68,14.369,4.66,0.68,85.50257277
Urban,JulyHLLF6,Laf,2019,Jul,30,07.30.19,Asteracaea,Rudbeckia,R.hirta,H.ligatus,84,100,2,3,100.826,65.197,0.646628846,0.776154762,23.496,0.23303513,0.279714286,0,0,0,12.133,0.120336024,0.144440476,0,0,0,0,0,77.2,84,71,82,51,1975,945,18,Bin4,78.155,14.369,4.66,2.136,0.68,14.369,4.66,0.68,85.50257277
Urban,vid8_LF_jun2721,Laf,2021,Jun,27,06.27.21,Asteracaea,Rudbeckia,R.hirta,H.ligatus,76,100,3,2,89.889,64.932,0.722357574,0.854368421,6.639,0.073857758,0.087355263,0,0,0,2.468,0.027456085,0.032473684,15.85,0.176328583,0.208552632,0,0,79,90,75,87,57,1975,945,13,Bin4,78.155,14.369,4.66,2.136,0.68,14.369,4.66,0.68,85.50257277
Urban,AUGHLLF2,Laf,2019,Aug,6,08.06.19,Asteracaea,Zinnia,Z.elegans,H.ligatus,81,100,2,4,88.541,62.517,0.706079669,0.771814815,18.532,0.209304164,0.228790123,0,0,0,7.492,0.084616167,0.092493827,0,0,0,0,0,78.8,89,71,87,61,1975,945,14,Bin4,78.155,14.369,4.66,2.136,0.68,14.369,4.66,0.68,85.50257277
Urban,vid6_LF_jun2721,Laf,2021,Jun,27,06.27.21,Asteracaea,Rudbeckia,R.hirta,H.ligatus,69,100,3,2,65.032,62.496,0.961003814,0.90573913,0,0,0,0.534,0.008211342,0.00773913,1.735,0.026679173,0.025144928,0.267,0.004105671,0.003869565,0,0,79,90,75,87,61,1975,945,13,Bin4,78.155,14.369,4.66,2.136,0.68,14.369,4.66,0.68,85.50257277
Urban,vid1LFjun202019,Laf,2019,Jun,20,06.20.19,Asteracaea,Rudbeckia,R.hirta,H.ligatus,84,100,1,1,73.064,62.002,0.848598489,0.738119048,8.548,0.116993321,0.101761905,2.007,0.027469068,0.023892857,0.507,0.006939122,0.006035714,0,0,0,0,0,88,94,74,76,42,1975,945,33,Bin4,78.155,14.369,4.66,2.136,0.68,14.369,4.66,0.68,85.50257277
Urban,vid6_LF_Jun2021,Laf,2021,Jun,20,06.20.21,Asteracaea,Rudbeckia,R.hirta,H.ligatus,39,100,2,2,23.824,21.054,0.883730692,0.539846154,0,0,0,0,0,0,2.336,0.098052384,0.059897436,0.434,0.018216924,0.011128205,0,0,84,92,76,90,57,1975,945,13,Bin4,78.155,14.369,4.66,2.136,0.68,14.369,4.66,0.68,85.50257277
Urban,vid4.LF9.8.21,Laf,2021,Sept,8,09.08.21,Asteracaea,Echinacea,E.paradoxa,H.ligatus,79,100,2,6,31.449,19.942,0.634106013,0.25243038,0.998,0.031733918,0.012632911,0,0,0,10.509,0.334160069,0.133025316,0,0,0,0,0,75,84,64,81,40,1975,945,9,Bin4,78.155,14.369,4.66,2.136,0.68,14.369,4.66,0.68,85.50257277
Urban,Vid2LFjun62019,Laf,2019,Jun,6,06.06.19,Asteracaea,Coreopsis,C.lanceolata,H.ligatus,31,100,3,1,29.402,19.934,0.67798109,0.643032258,1.1,0.037412421,0.035483871,6.635,0.225664921,0.214032258,1.733,0.058941569,0.055903226,0,0,0,0,0,81,95,66,88,52,1975,945,33,Bin4,78.155,14.369,4.66,2.136,0.68,14.369,4.66,0.68,85.50257277
Urban,JulyHLLF5,Laf,2019,Jul,8,07.08.19,Asteracaea,Rudbeckia,R.hirta,H.ligatus,21,100,1,1,18.9,18.9,1,0.9,0,0,0,0,0,0,0,0,0,0,0,0,0,0,80.54,88,72,84,53,1975,945,18,Bin4,78.155,14.369,4.66,2.136,0.68,14.369,4.66,0.68,85.50257277
Urban,Aug2LF5,Laf,2020,Aug,2,08.02.20,Asteracaea,Rudbeckia,R.hirta,H.ligatus,51,100,1,2,19.8,18.3,0.924242424,0.358823529,0,0,0,0,0,0,1.5,0.075757576,0.029411765,0,0,0,0,0,76,86,68,82,60,1975,945,14,Bin4,78.155,14.369,4.66,2.136,0.68,14.369,4.66,0.68,85.50257277
Urban,vid11_LF_Jun2021,Laf,2021,Jun,20,06.20.21,Asteracaea,Ratibida,R.pinnata,H.ligatus,21,100,1,1,19.131,17.629,0.921488683,0.83947619,0,0,0,0,0,0,1.502,0.078511317,0.07152381,0,0,0,0,0,84,92,76,90,57,1975,945,13,Bin4,78.155,14.369,4.66,2.136,0.68,14.369,4.66,0.68,85.50257277
Urban,Vid4LFjun62019,Laf,2019,Jun,6,06.06.19,Asteracaea,Coreopsis,C.lanceolata,H.ligatus,49,100,2,2,22.44,17.5,0.779857398,0.357142857,0.6,0.026737968,0.012244898,0,0,0,4.34,0.193404635,0.088571429,0,0,0,0,0,81,95,66,88,52,1975,945,33,Bin4,78.155,14.369,4.66,2.136,0.68,14.369,4.66,0.68,85.50257277
Urban,JulyHLLF7,Laf,2019,Jul,30,07.30.19,Asteracaea,Echinacea,E.purpurea,H.ligatus,33,100,1,2,28.401,17.399,0.612619274,0.527242424,0,0,0,0,0,0,11.002,0.387380726,0.333393939,0,0,0,0,0,77.2,84,71,82,51,1975,945,18,Bin4,78.155,14.369,4.66,2.136,0.68,14.369,4.66,0.68,85.50257277
Urban,vid4_LF_jul2821,Laf,2021,Jul,28,07.28.21,Asteracaea,Coreopsis,C.lanceolata,H.ligatus,23,100,2,1,18.986,17.318,0.912145792,0.752956522,0.701,0.036921942,0.030478261,0,0,0,0.967,0.050932266,0.042043478,0,0,0,0,0,85,94,74,89,53,1975,945,8,Bin4,78.155,14.369,4.66,2.136,0.68,14.369,4.66,0.68,85.50257277
Urban,Jun2LFvid4,Laf,2020,Jun,2,06.02.20,Asteracaea,Coreopsis,C.lanceolata,H.ligatus,32,100,2,1,31.222,17.107,0.547914932,0.53459375,12.241,0.392063289,0.38253125,0,0,0,1.874,0.06002178,0.0585625,0,0,0,0,0,77.63,77.63,77.63,82,53,1975,945,33,Bin4,78.155,14.369,4.66,2.136,0.68,14.369,4.66,0.68,85.50257277
Urban,Jun25LFvid1,Laf,2020,Jun,25,06.25.20,Asteracaea,Rudbeckia,R.subtomentosa,H.ligatus,24,100,1,4,19.65,15.7,0.798982188,0.654166667,0,0,0,0,0,0,3.95,0.201017812,0.164583333,0,0,0,0,0,76.92,88,61,83.5,44,1975,945,33,Bin4,78.155,14.369,4.66,2.136,0.68,14.369,4.66,0.68,85.50257277
Urban,vid1.LF.9.8.21,Laf,2021,Sept,8,09.08.21,Asteracaea,Tanacetum,T.vulgare,H.ligatus,32,100,1,1,29.295,28.497,0.972759857,0.89053125,0,0,0,0,0,0,0.798,0.027240143,0.0249375,0,0,0,0,0,75,84,64,81,40,1975,945,9,Bin4,0,1.52449,18.456,42.361,37.658,1.5245,18.456,37.6581252,85.50257277
Urban,vid3.LF.21.21,Laf,2021,Sept,21,09.21.21,Asteracaea,Tagetes,lemmonii,H.ligatus,55,100,2,5,51.058,28.024,0.548865996,0.509527273,18.765,0.367523209,0.341181818,0,0,0,4.269,0.083610796,0.077618182,0,0,0,0,0,67,79,59,64,84,1975,945,8,Bin4,0,1.52449,18.456,42.361,37.658,1.5245,18.456,37.6581252,85.50257277
Urban,JunHLLF7,Laf,2019,Jun,26,06.26.19,Asteracaea,Coreopsis,C.lanceolata,H.ligatus,37,100,2,4,48.362,26.073,0.539121624,0.704675676,16.415,0.339419379,0.443648649,0,0,0,5.874,0.121458997,0.158756757,0,0,0,0,0,84.8,94,76,88,52,1975,945,33,Bin4,0,1.52449,18.456,42.361,37.658,1.5245,18.456,37.6581252,85.50257277
Urban,vid3_LF_sept2821,Laf,2021,Sept,28,09.28.21,Asteracaea,Symphyotrichum,S.novae-angliae,H.ligatus,38,100,2,1,37.27,26.021,0.698175476,0.684763158,10.749,0.288408908,0.282868421,0,0,0,0.5,0.013415616,0.013157895,0,0,0,0,0,78,90,68,84,44,1975,945,8,Bin4,0,1.52449,18.456,42.361,37.658,1.5245,18.456,37.6581252,85.50257277
Urban,vid6_LFjun921,Laf,2021,Jun,9,06.09.21,Asteracaea,Coreopsis,C.lanceolata,H.ligatus,50,100,2,2,69.637,25.86,0.371354309,0.5172,0,0,0,41.075,0.589844479,0.8215,2.702,0.038801212,0.05404,0,0,0,0,0,77,86,71,81,67,1975,945,11,Bin4,0,1.52449,18.456,42.361,37.658,1.5245,18.456,37.6581252,85.50257277
Urban,vid5_LFjun921,Laf,2021,Jun,9,06.09.21,Asteracaea,Coreopsis,C.lanceolata,H.ligatus,140,100,2,4,33.2,24.858,0.74873494,0.177557143,0,0,0,2.436,0.073373494,0.0174,5.906,0.177891566,0.042185714,0,0,0,0,0,77,86,71,81,67,1975,945,11,Bin4,0,1.52449,18.456,42.361,37.658,1.5245,18.456,37.6581252,85.50257277
Urban,JulyHLLF9,Laf,2019,Jul,30,07.30.19,Asteracaea,Rudbeckia,R.hirta,H.ligatus,39,100,1,4,29.499,24.74,0.838672497,0.634358974,0,0,0,0,0,0,4.759,0.161327503,0.122025641,0,0,0,0,0,77.2,84,71,82,51,1975,945,18,Bin4,0,1.52449,18.456,42.361,37.658,1.5245,18.456,37.6581252,85.50257277
Urban,vid3_LF_Jul621,Laf,2021,Jul,6,07.06.21,Asteracaea,Ratibida,R.pinnata,H.ligatus,87,100,1,4,31.497,23.922,0.759500905,0.274965517,0,0,0,0,0,0,7.575,0.240499095,0.087068966,0,0,0,0,0,84,91,74,89,46,1975,945,8,Bin4,0,1.52449,18.456,42.361,37.658,1.5245,18.456,37.6581252,85.50257277
Urban,vid6_LF_jul2821,Laf,2021,Jul,28,07.28.21,Asteracaea,Rudbeckia,R.hirta,H.ligatus,42,100,2,2,28.756,22.49,0.782097649,0.53547619,0.901,0.031332591,0.021452381,0,0,0,5.365,0.186569759,0.127738095,0,0,0,0,0,85,94,74,89,53,1975,945,8,Bin4,0,1.52449,18.456,42.361,37.658,1.5245,18.456,37.6581252,85.50257277
Urban,vid3_LF_aug1121,Laf,2021,Aug,11,08.11.21,Asteracaea,Rudbeckia,R.hirta,H.ligatus,39,100,2,1,25.858,22.321,0.863214479,0.572333333,2.703,0.104532446,0.069307692,0,0,0,0.834,0.032253074,0.021384615,0,0,0,0,0,88,96,81,91,51,1975,945,9,Bin4,0,1.52449,18.456,42.361,37.658,1.5245,18.456,37.6581252,85.50257277
Urban,Jun18LFvid3,Laf,2020,Jun,18,06.18.20,Asteracaea,Rudbeckia,R.subtomentosa,H.ligatus,37,100,1,1,22.251,22.051,0.99101164,0.595972973,0,0,0,0,0,0,0.2,0.00898836,0.005405405,0,0,0,0,0,75.68,89,61,84,35,1975,945,33,Bin4,0,1.52449,18.456,42.361,37.658,1.5245,18.456,37.6581252,85.50257277
Urban,vid2_LF_aug1121,Laf,2021,Aug,11,08.11.21,Asteracaea,Rudbeckia,R.hirta,H.ligatus,51,100,1,2,22.422,21.588,0.962804389,0.423294118,0,0,0,0,0,0,0.834,0.037195611,0.016352941,0,0,0,0,0,88,96,81,91,51,1975,945,9,Bin4,0,1.52449,18.456,42.361,37.658,1.5245,18.456,37.6581252,85.50257277
Urban,vid1_LFaug2021,Laf,2021,Aug,20,08.20.21,Asteracaea,Tanacetum,T.vulgare,H.ligatus,4,100,1,1,1.95,1.25,0.641025641,0.3125,0,0,0,0,0,0,0.7,0.358974359,0.175,0,0,0,0,0,83,91,75,88,55,1975,945,9,Bin4,0,1.52449,18.456,42.361,37.658,1.5245,18.456,37.6581252,85.50257277
Urban,vid7_LF_Jun2021,Laf,2021,Jun,20,06.20.21,Asteracaea,Rudbeckia,R.hirta,H.ligatus,6,100,1,1,1.802,1.201,0.666481687,0.200166667,0,0,0,0,0,0,0.601,0.333518313,0.100166667,0,0,0,0,0,84,92,76,90,57,1975,945,13,Bin4,0,1.52449,18.456,42.361,37.658,1.5245,18.456,37.6581252,85.50257277
Urban,vid4_LF_Jun2021,Laf,2021,Jun,20,06.20.21,Asteracaea,Coreopsis,C.lanceolata,H.ligatus,10,100,2,2,5.471,1.101,0.201242917,0.1101,1.768,0.323158472,0.1768,0,0,0,2.602,0.475598611,0.2602,0,0,0,0,0,84,92,76,90,57,1975,945,13,Bin4,0,1.52449,18.456,42.361,37.658,1.5245,18.456,37.6581252,85.50257277
Urban,Vid5LfJun62019,Laf,2019,Jun,6,06.06.19,Asteracaea,Coreopsis,C.lanceolata,H.ligatus,11,100,1,1,5.1,1.1,0.215686275,0.1,0,0,0,0,0,0,4,0.784313725,0.363636364,0,0,0,0,0,81,95,66,88,52,1975,945,33,Bin4,0,1.52449,18.456,42.361,37.658,1.5245,18.456,37.6581252,85.50257277
Urban,Jul16LF3,Laf,2020,Jul,16,07.16.20,Asteracaea,Rudbeckia,R.subtomentosa,H.ligatus,9,100,1,2,2.402,1.001,0.416736053,0.111222222,0,0,0,0,0,0,1.401,0.583263947,0.155666667,0,0,0,0,0,75.21,86,69,81,65,1975,945,18,Bin4,0,1.52449,18.456,42.361,37.658,1.5245,18.456,37.6581252,85.50257277
Urban,Jun18LFvid2,Laf,2020,Jun,18,06.18.20,Asteracaea,Coreopsis,C.lanceolata,H.ligatus,20,100,1,1,19.702,0.202,0.010252766,0.0101,17.5,0.888234697,0.875,0,0,0,2,0.101512537,0.1,0,0,0,0,0,75.68,89,61,84,35,1975,945,33,Bin4,0,1.52449,18.456,42.361,37.658,1.5245,18.456,37.6581252,85.50257277
Urban,Sept7LF5,Laf,2020,Sept,7,09.07.20,Asteracaea,Tanacetum,T.vulgare,H.ligatus,22,100,2,1,10.9,0,0,0,4.9,0.449541284,0.222727273,0,0,0,0.8,0.073394495,0.036363636,5.2,0.47706422,0.236363636,0,0,82,91,75,88,57,1975,945,8,Bin4,0,1.52449,18.456,42.361,37.658,1.5245,18.456,37.6581252,85.50257277
Urban,vid1_LF_jul2321,Laf,2021,Jul,23,07.23.21,Asteracaea,Rudbeckia,R.hirta,H.ligatus,39,100,1,1,4.704,0,0,0,2.969,0.631164966,0.076128205,0,0,0,1.735,0.368835034,0.044487179,0,0,0,0,0,84,93,76,88,55,1975,945,8,Bin4,0,1.52449,18.456,42.361,37.658,1.5245,18.456,37.6581252,85.50257277
Urban,vid4_LFjun921,Laf,2021,Jun,9,06.09.21,Asteracaea,Coreopsis,C.lanceolata,H.ligatus,15,100,0,2,2.2,0,0,0,0,0,0,0,0,0,2.2,1,0.146666667,0,0,0,0,0,77,86,71,81,67,1975,945,11,Bin4,0,1.52449,18.456,42.361,37.658,1.5245,18.456,37.6581252,85.50257277
Urban,vid7_LF_jun2721,Laf,2021,Jun,27,06.27.21,Asteracaea,Rudbeckia,R.hirta,H.ligatus,19,100,1,1,1.769,0,0,0,0,0,0,0.601,0.339739966,0.031631579,1.168,0.660260034,0.061473684,0,0,0,0,0,79,90,75,87,61,1975,945,13,Bin4,0,1.52449,18.456,42.361,37.658,1.5245,18.456,37.6581252,85.50257277
Prairie,vid1_LRECjul1621,LREC,2021,Jul,16,07.16.21,Asteracaea,Echinacea,E.paradoxa,H.ligatus,140,100,3,3,78.174,72.437,0.926612429,0.517407143,2.002,0.025609538,0.0143,1.6,0.020467163,0.011428571,2.135,0.027310871,0.01525,0,0,0,0,0,74.5,81,71,78,76,39000,3639,3,BIn2,0,51.7915,45.71118,2.2801,0.2172,53.019,44.566,0.2195,2.816
Prairie,vid3_LREC_jun2321,LREC,2021,Jun,23,06.23.21,Asteracaea,Rudbeckia,R.hirta,H.ligatus,88,100,4,2,97.498,71.404,0.732363741,0.811409091,19.32,0.198157911,0.219545455,1.769,0.018143962,0.020102273,1.568,0.016082381,0.017818182,3.437,0.035252005,0.039056818,0,0,76,86,65,80,32,39000,3639,7,BIn2,0,51.7915,45.71118,2.2801,0.2172,53.019,44.566,0.2195,2.816
Prairie,vid1_LRECaug1221,LREC,2021,Aug,12,08.12.21,Asteracaea,Coreopsis,C.tripteris,H.ligatus,22,100,3,2,16.649,10.91,0.655294612,0.495909091,0.734,0.044086732,0.033363636,0.533,0.032013935,0.024227273,4.472,0.268604721,0.203272727,0,0,0,0,0,81,96,70,93,50,39000,3639,3,BIn2,0,51.7915,45.71118,2.2801,0.2172,53.019,44.566,0.2195,2.816
Prairie,Sept16LREC2,LREC,2020,Sept,16,09.16.20,Asteracaea,Verbesina,V.alternifolia,H.ligatus,39,100,2,1,13.8,10,0.724637681,0.256410256,1.9,0.137681159,0.048717949,0,0,0,1.9,0.137681159,0.048717949,0,0,0,0,0,70,82,69.8,77,54,39000,3639,7,BIn2,0,51.7915,45.71118,2.2801,0.2172,53.019,44.566,0.2195,2.816
Prairie,Sept2LREC6,LREC,2020,Sept,2,09.02.20,Asteracaea,Coreopsis,C.tripteris,H.ligatus,20,100,3,3,19.82,9.944,0.501715439,0.4972,0.534,0.026942482,0.0267,3.303,0.166649849,0.16515,6.039,0.30469223,0.30195,0,0,0,0,0,74.9,80,70,77,76,39000,3639,7,BIn2,0,51.7915,45.71118,2.2801,0.2172,53.019,44.566,0.2195,2.816
Prairie,Sept2LREC3,LREC,2020,Sept,2,09.02.20,Asteracaea,Coreopsis,C.tripteris,H.ligatus,17,100,1,4,15.914,9.675,0.60795526,0.569117647,0,0,0,0,0,0,6.239,0.39204474,0.367,0,0,0,0,0,74.9,80,70,77,76,39000,3639,7,BIn2,0,51.7915,45.71118,2.2801,0.2172,53.019,44.566,0.2195,2.816
Prairie,Sept2LREC5,LREC,2020,Sept,2,09.02.20,Asteracaea,Coreopsis,C.tripteris,H.ligatus,11,100,1,1,9.677,9.043,0.934483828,0.822090909,0,0,0,0,0,0,0.634,0.065516172,0.057636364,0,0,0,0.167,0,74.9,80,70,77,76,39000,3639,7,BIn2,0,51.7915,45.71118,2.2801,0.2172,53.019,44.566,0.2195,2.816
Prairie,Jul9LREC,LREC,2020,Jul,9,07.09.20,Asteracaea,Echinacea,E.purpurea,H.ligatus,18,100,2,2,8.05,7.5,0.931677019,0.416666667,0.55,0.068322981,0.030555556,0,0,0,0,0,0,0,0,0,0,0,86.63,95,76,91,54,39000,3639,6,BIn2,0,51.7915,45.71118,2.2801,0.2172,53.019,44.566,0.2195,2.816
Prairie,Sept16LREC7,LREC,2020,Sept,16,09.16.20,Asteracaea,Coreopsis,C.tripteris,H.ligatus,120,100,1,2,102.225,98.225,0.960870629,0.818541667,0,0,0,0,0,0,4,0.039129371,0.033333333,0,0,0,0,0,70,82,69.8,77,54,39000,3639,7,Bin 2,0.714,1.014,12.77,53.296,32.20657277,3.106,1.399,0.228,2.816
Prairie,Aug27LREC2,LREC,2020,Aug,27,08.27.20,Asteracaea,Melampodium,M.divercatum,H.ligatus,133,100,3,1,177.865,128.798,0.724133472,0.968406015,47.465,0.266859697,0.356879699,1.602,0.009006831,0.012045113,0,0,0,0,0,0,0,0,82.79,87,79,84,66,39000,3639,7,Bin4,0.714,1.014,12.77,53.296,32.20657277,3.106,1.399,0.228,2.816
Prairie,Jul2LREC5,LREC,2020,Jul,2,07.02.20,Asteracaea,Rudbeckia,R.hirta,H.ligatus,157,100,2,4,143.22,120.52,0.841502583,0.767643312,12.95,0.090420332,0.082484076,0,0,0,9.75,0.068077084,0.062101911,0,0,0,0,0,79.46,89,71,84,65,39000,3639,6,Bin4,0.714,1.014,12.77,53.296,32.20657277,3.106,1.399,0.228,2.816
Prairie,vid2_LREC_jun2321,LREC,2021,Jun,23,06.23.21,Asteracaea,Rudbeckia,R.hirta,H.ligatus,159,100,4,3,149.585,119.654,0.799906408,0.752540881,23.791,0.159046696,0.149628931,1.635,0.01093024,0.010283019,2.803,0.01873851,0.017628931,1.702,0.011378146,0.010704403,0,0,76,86,65,80,32,39000,3639,7,Bin4,0.714,1.014,12.77,53.296,32.20657277,3.106,1.399,0.228,2.816
Prairie,vid1_LREC_jun2321,LREC,2021,Jun,23,06.23.21,Asteracaea,Rudbeckia,R.hirta,H.ligatus,142,100,3,3,137.102,114.68,0.836457528,0.807605634,19.72,0.143834517,0.138873239,0.4,0.002917536,0.002816901,2.302,0.016790419,0.016211268,0,0,0,2.503,0,76,86,65,80,32,39000,3639,7,Bin4,0.714,1.014,12.77,53.296,32.20657277,3.106,1.399,0.228,2.816
Prairie,vid3_LRECjul1621,LREC,2021,Jul,16,07.16.21,Asteracaea,Echinacea,E.paradoxa,H.ligatus,148,100,3,1,112.125,108.387,0.966662207,0.732344595,0.968,0.008633222,0.006540541,2.77,0.024704571,0.018716216,0,0,0,0,0,0,0,0,74.5,81,71,78,76,39000,3639,3,Bin4,0.714,1.014,12.77,53.296,32.20657277,3.106,1.399,0.228,2.816
Prairie,vid5_LREC_jun2921,LREC,2021,Jun,29,06.29.21,Asteracaea,Symphyotrichum,S.novae-angliae,H.ligatus,80,100,3,2,68.333,61.06,0.893565334,0.76325,2.469,0.036131884,0.0308625,1.635,0.023926946,0.0204375,3.169,0.046375836,0.0396125,0,0,0,4.672,0,82,92,75,89,56,39000,3639,7,Bin4,0.714,1.014,12.77,53.296,32.20657277,3.106,1.399,0.228,2.816
Prairie,vid6_LREC_jun2921,LREC,2021,Jun,29,06.29.21,Asteracaea,Symphyotrichum,S.novae-angliae,H.ligatus,83,100,2,7,65.466,57.191,0.873598509,0.689048193,0,0,0,0.567,0.008660984,0.006831325,7.708,0.117740507,0.09286747,0,0,0,0.701,0,82,92,75,89,56,39000,3639,7,Bin4,0.714,1.014,12.77,53.296,32.20657277,3.106,1.399,0.228,2.816
Prairie,vid1_LREC_jun2921,LREC,2021,Jun,29,06.29.21,Asteracaea,Symphyotrichum,S.novae-angliae,H.ligatus,76,100,3,3,63.063,51.918,0.823271966,0.683131579,1.468,0.023278309,0.019315789,1.735,0.02751217,0.022828947,7.942,0.125937555,0.1045,0,0,0,0,0,82,92,75,89,56,39000,3639,7,Bin4,0.714,1.014,12.77,53.296,32.20657277,3.106,1.399,0.228,2.816
Prairie,vid2_LREC_jun1021,LREC,2021,Jun,10,06.10.21,Asteracaea,Erigeron,E.annuus,H.ligatus,94,100,2,3,53.819,45.446,0.844422973,0.483468085,2.369,0.044017912,0.025202128,0,0,0,6.004,0.111559115,0.06387234,0,0,0,0.768,0,84,91,73,86,57,39000,3639,1,Bin4,0.714,1.014,12.77,53.296,32.20657277,3.106,1.399,0.228,2.816
Prairie,vid11_LRECjul1621,LREC,2021,Jul,16,07.16.21,Asteracaea,Echinacea,E.paradoxa,H.ligatus,70,100,1,1,45.88,45.113,0.983282476,0.644471429,0,0,0,0,0,0,0.767,0.016717524,0.010957143,0,0,0,0,0,74.5,81,71,78,76,39000,3639,3,Bin4,0.714,1.014,12.77,53.296,32.20657277,3.106,1.399,0.228,2.816
Prairie,vid6_LREC_jun2321,LREC,2021,Jun,23,06.23.21,Asteracaea,Rudbeckia,R.hirta,H.ligatus,98,100,4,0,77.078,44.879,0.58225434,0.45794898,19.686,0.255403617,0.200877551,6.84,0.088741275,0.069795918,0,0,0,5.673,0.073600768,0.057887755,0,0,76,86,65,80,32,39000,3639,7,Bin4,0.714,1.014,12.77,53.296,32.20657277,3.106,1.399,0.228,2.816
Prairie,vid4_LREC_jun1021,LREC,2021,Jun,10,06.10.21,Asteracaea,Erigeron,E.annuus,H.ligatus,83,100,3,3,54.72,42.676,0.779897661,0.514168675,2.703,0.04939693,0.032566265,0.901,0.016465643,0.010855422,8.44,0.154239766,0.101686747,0,0,0,0,0,84,91,73,86,57,39000,3639,1,Bin4,0.714,1.014,12.77,53.296,32.20657277,3.106,1.399,0.228,2.816
Prairie,Sept2LREC2,LREC,2020,Sept,2,09.02.20,Asteracaea,Coreopsis,C.tripteris,H.ligatus,63,100,1,4,45.387,41.314,0.910260647,0.655777778,0,0,0,0,0,0,4.073,0.089739353,0.064650794,0,0,0,0,0,74.9,80,70,77,76,39000,3639,7,Bin4,0.714,1.014,12.77,53.296,32.20657277,3.106,1.399,0.228,2.816
Prairie,vid7_LREC_jun1021,LREC,2021,Jun,10,06.10.21,Asteracaea,Erigeron,E.annuus,H.ligatus,60,100,3,6,47.714,40.273,0.844049964,0.671216667,0.634,0.013287505,0.010566667,0.6,0.012574926,0.01,6.207,0.130087605,0.10345,0,0,0,0,0,84,91,73,86,57,39000,3639,7,Bin4,0.714,1.014,12.77,53.296,32.20657277,3.106,1.399,0.228,2.816
Prairie,Jul2LREC6,LREC,2020,Jul,2,07.02.20,Asteracaea,Rudbeckia,R.hirta,H.ligatus,79,100,2,2,43.75,39.85,0.910857143,0.50443038,2,0.045714286,0.025316456,0,0,0,1.9,0.043428571,0.024050633,0,0,0,0,0,79.46,89,71,84,65,39000,3639,6,Bin4,0.714,1.014,12.77,53.296,32.20657277,3.106,1.399,0.228,2.816
Prairie,Sept16LREC,LREC,2020,Sept,16,09.16.20,Asteracaea,Coreopsis,C.tripteris,H.ligatus,34,100,1,1,15.481,13.58,0.877204315,0.399411765,0,0,0,0,0,0,1.901,0.122795685,0.055911765,0,0,0,9.009,0,70,82,69.8,77,54,39000,3639,7,Bin4,0.714,1.014,12.77,53.296,32.20657277,3.106,1.399,0.228,2.816
Prairie,Jul2LREC,LREC,2020,Jun,2,07.02.20,Asteracaea,Echinacea,E.Purpurea,H.ligatus,17,100,1,1,6.7,6.4,0.955223881,0.376470588,0,0,0,0,0,0,0.3,0.044776119,0.017647059,0,0,0,0,0,79.46,89,71,84,65,39000,3639,6,BIn2,0.714,1.014,12.77,53.296,32.20657277,3.106,1.399,0.228,2.816
Prairie,vid8_LRECaug1221,LREC,2021,Aug,12,08.12.21,Asteracaea,Coreopsis,C.tripteris,H.ligatus,11,100,1,1,5.109,4.441,0.869250343,0.403727273,0,0,0,0,0,0,0.668,0.130749657,0.060727273,0,0,0,0,0,81,96,70,93,50,39000,3639,3,BIn2,0.714,1.014,12.77,53.296,32.20657277,3.106,1.399,0.228,2.816
Prairie,Sept16LREC1,LREC,2020,Sept,16,09.16.20,Asteracaea,Coreopsis,C.tripteris,H.ligatus,12,100,1,1,8.643,4.372,0.505842879,0.364333333,0,0,0,0,0,0,4.271,0.494157121,0.355916667,0,0,0,0,0,70,82,69.8,77,54,39000,3639,7,BIn2,0.714,1.014,12.77,53.296,32.20657277,3.106,1.399,0.228,2.816
Prairie,vid8_LREC_jun1021,LREC,2021,Jun,10,06.10.21,Asteracaea,Erigeron,E.annuus,H.ligatus,14,100,2,2,7.342,3.804,0.518114955,0.271714286,0.301,0.040997004,0.0215,0,0,0,3.237,0.440888041,0.231214286,0,0,0,0,0,84,91,73,86,57,39000,3639,1,BIn2,0.714,1.014,12.77,53.296,32.20657277,3.106,1.399,0.228,2.816
Prairie,vid3_LREC_jun1021,LREC,2021,Jun,10,06.10.21,Asteracaea,Erigeron,E.annuus,H.ligatus,17,100,2,2,7.274,3.737,0.513747594,0.219823529,0.901,0.123865823,0.053,0,0,0,2.636,0.362386582,0.155058824,0,0,0,0,0,84,91,73,86,57,39000,3639,1,BIn2,0.714,1.014,12.77,53.296,32.20657277,3.106,1.399,0.228,2.816
Prairie,Jul2LREC2,LREC,2020,Jul,2,07.02.20,Asteracaea,Echinacea,E.Purpurea,H.ligatus,9,100,1,1,4,3.5,0.875,0.388888889,0,0,0,0,0,0,0.5,0.125,0.055555556,0,0,0,0,0,79.46,89,71,84,65,39000,3639,6,BIn2,0.714,1.014,12.77,53.296,32.20657277,3.106,1.399,0.228,2.816
Prairie,vid6_LRECjul1621,LREC,2021,Jul,16,07.16.21,Asteracaea,Echinacea,E.paradoxa,H.ligatus,8,100,1,1,3.838,3.103,0.808494007,0.387875,0,0,0,0,0,0,0.735,0.191505993,0.091875,0,0,0,0,0,74.5,81,71,78,76,39000,3639,3,BIn2,0.714,1.014,12.77,53.296,32.20657277,3.106,1.399,0.228,2.816
Prairie,vid5_LRECjul1621,LREC,2021,Jul,16,07.16.21,Asteracaea,Echinacea,E.paradoxa,H.ligatus,19,100,2,2,4.671,2.469,0.528580604,0.129947368,0,0,0,0.634,0.135731107,0.033368421,1.568,0.335688289,0.082526316,0,0,0,0,0,74.5,81,71,78,76,39000,3639,3,BIn2,0.714,1.014,12.77,53.296,32.20657277,3.106,1.399,0.228,2.816
Prairie,vid8_LREC_jun2321,LREC,2021,Jun,23,06.23.21,Asteracaea,Symphyotrichum,S.novae-angliae,H.ligatus,5,100,1,1,3,1.8,0.6,0.36,0,0,0,0,0,0,1.2,0.4,0.24,0,0,0,0,0,76,86,65,80,32,39000,3639,7,BIn2,0.714,1.014,12.77,53.296,32.20657277,3.106,1.399,0.228,2.816
Prairie,vid3_LREC_jun2921,LREC,2021,Jun,29,06.29.21,Asteracaea,Symphyotrichum,S.novae-angliae,H.ligatus,42,100,3,1,10.544,1.635,0.155064492,0.038928571,6.707,0.636096358,0.159690476,0.601,0.056999241,0.014309524,1.601,0.151839909,0.038119048,0,0,0,0,0,82,92,75,89,56,39000,3639,7,BIn2,0.714,1.014,12.77,53.296,32.20657277,3.106,1.399,0.228,2.816
Prairie,vid9_LRECjul1621,LREC,2021,Jul,16,07.16.21,Asteracaea,Echinacea,E.paradoxa,H.ligatus,13,100,2,1,2.869,1.602,0.558382712,0.123230769,0,0,0,0.767,0.267340537,0.059,0.5,0.174276751,0.038461538,0,0,0,0,0,74.5,81,71,78,76,39000,3639,3,BIn2,0.714,1.014,12.77,53.296,32.20657277,3.106,1.399,0.228,2.816
Prairie,vid2_LRECjul1621,LREC,2021,Jul,16,07.16.21,Asteracaea,Echinacea,E.paradoxa,H.ligatus,148,100,3,1,89.022,83.383,0.936656107,0.563398649,2.503,0.028116645,0.016912162,3.136,0.035227247,0.021189189,0,0,0,0,0,0,0,0,74.5,81,71,78,76,39000,3639,3,Bin1,78.155,14.369,4.66,2.136,0.68,14.369,4.66,0.68,2.816
Prairie,Aug27LREC1,LREC,2020,Aug,27,08.27.20,Asteracaea,Melampodium,M.divercatum,H.ligatus,101,100,3,1,179.347,80.482,0.448750188,0.796851485,91.659,0.511070718,0.907514851,7.206,0.040179094,0.071346535,0,0,0,0,0,0,0,0,82.79,87,79,84,66,39000,3639,7,Bin1,78.155,14.369,4.66,2.136,0.68,14.369,4.66,0.68,2.816
Prairie,Sept2LREC4,LREC,2020,Sept,2,09.02.20,Asteracaea,Coreopsis,C.tripteris,H.ligatus,79,100,2,5,90.951,71.195,0.782784137,0.901202532,16.084,0.176842476,0.203594937,0,0,0,3.672,0.040373388,0.046481013,0,0,0,0,0,74.9,80,70,77,76,39000,3639,7,Bin1,78.155,14.369,4.66,2.136,0.68,14.369,4.66,0.68,2.816
Prairie,vid9_LREC_jun2321,LREC,2021,Jun,23,06.23.21,Asteracaea,Symphyotrichum,S.novae-angliae,H.ligatus,97,100,3,7,78.683,69.471,0.882922614,0.716195876,1.001,0.012721935,0.010319588,0.734,0.009328572,0.00756701,7.477,0.09502688,0.077082474,0,0,0,0,0,76,86,65,80,32,39000,3639,7,Bin1,78.155,14.369,4.66,2.136,0.68,14.369,4.66,0.68,2.816
Prairie,vid7_LRECjul1621,LREC,2021,Jul,16,07.16.21,Asteracaea,Echinacea,E.paradoxa,H.ligatus,132,100,1,1,70.103,69.369,0.989529692,0.525522727,0,0,0,0,0,0,0.734,0.010470308,0.005560606,0,0,0,0,0,74.5,81,71,78,76,39000,3639,3,Bin1,78.155,14.369,4.66,2.136,0.68,14.369,4.66,0.68,2.816
Prairie,vid10_LREC_jun2321,LREC,2021,Jun,23,06.23.21,Asteracaea,Symphyotrichum,S.novae-angliae,H.ligatus,25,100,2,1,23.088,20.053,0.868546431,0.80212,1.868,0.080907831,0.07472,0,0,0,1.167,0.050545738,0.04668,0,0,0,0,0,76,86,65,80,32,39000,3639,7,Bin1,78.155,14.369,4.66,2.136,0.68,14.369,4.66,0.68,2.816
Prairie,vid2_LREC_jun2921,LREC,2021,Jun,29,06.29.21,Asteracaea,Symphyotrichum,S.novae-angliae,H.ligatus,40,100,2,2,24.9251,18.786,0.753698079,0.46965,2.068,0.082968574,0.0517,0,0,0,4.0711,0.163333347,0.1017775,0,0,0,0,0,82,92,75,89,56,39000,3639,7,Bin1,78.155,14.369,4.66,2.136,0.68,14.369,4.66,0.68,2.816
Prairie,vid5_LRECaug1221,LREC,2021,Aug,12,08.12.21,Asteracaea,Coreopsis,C.tripteris,H.ligatus,24,100,2,2,24.858,17.951,0.722141765,0.747958333,2.602,0.104674551,0.108416667,0,0,0,4.305,0.173183683,0.179375,0,0,0,0,0,81,96,70,93,50,39000,3639,3,Bin1,78.155,14.369,4.66,2.136,0.68,14.369,4.66,0.68,2.816
Prairie,vid8_LRECjul1621,LREC,2021,Jul,16,07.16.21,Asteracaea,Echinacea,E.paradoxa,H.ligatus,70,100,1,1,26.961,26.961,1,0.385157143,0,0,0,0,0,0,0,0,0,0,0,0,0,0,74.5,81,71,78,76,39000,3639,3,Bin4,0,1.52449,18.456,42.361,37.658,1.5245,18.456,37.6581252,2.816
Prairie,Sept16LREC6,LREC,2020,Sept,16,09.16.20,Asteracaea,Coreopsis,C.tripteris,H.ligatus,47,100,1,3,36.765,26.524,0.721447028,0.564340426,0,0,0,0,0,0,10.241,0.278552972,0.217893617,0,0,0,0,0,70,82,69.8,77,54,39000,3639,7,Bin4,0,1.52449,18.456,42.361,37.658,1.5245,18.456,37.6581252,2.816
Prairie,Jun22LREC,LREC,2020,Jun,22,06.22.20,Asteracaea,Rudbeckia,R.hirta,H.ligatus,74,100,2,3,37.85,25.6,0.676354029,0.345945946,3.4,0.089828269,0.045945946,0,0,0,3.85,0.101717305,0.052027027,5,0.132100396,0.067567568,0,0,76.51,87,68,84,60,39000,3639,6,Bin4,0,1.52449,18.456,42.361,37.658,1.5245,18.456,37.6581252,2.816
Prairie,vid4_LREC_jun2321,LREC,2021,Jun,23,06.23.21,Asteracaea,Rudbeckia,R.hirta,H.ligatus,31,100,2,1,26.093,25.593,0.980837773,0.825580645,0.5,0.019162227,0.016129032,0,0,0,0,0,0,0,0,0,1.034,0,76,86,65,80,32,39000,3639,7,Bin4,0,1.52449,18.456,42.361,37.658,1.5245,18.456,37.6581252,2.816
Prairie,vid4_LRECjul1621,LREC,2021,Jul,16,07.16.21,Asteracaea,Echinacea,E.paradoxa,H.ligatus,32,100,1,1,25.593,24.826,0.970030868,0.7758125,0,0,0,0,0,0,0.767,0.029969132,0.02396875,0,0,0,0,0,74.5,81,71,78,76,39000,3639,3,Bin4,0,1.52449,18.456,42.361,37.658,1.5245,18.456,37.6581252,2.816
Prairie,vid4_LRECaug1221,LREC,2021,Aug,12,08.12.21,Asteracaea,Coreopsis,C.tripteris,H.ligatus,34,100,2,2,34.436,23.69,0.687942851,0.696764706,5.54,0.160878151,0.162941176,0,0,0,5.206,0.151178999,0.153117647,0,0,0,0,0,81,96,70,93,50,39000,3639,3,Bin4,0,1.52449,18.456,42.361,37.658,1.5245,18.456,37.6581252,2.816
Prairie,vid3_LRECaug1221,LREC,2021,Aug,12,08.12.21,Asteracaea,Coreopsis,C.tripteris,H.ligatus,29,100,3,1,28.53,23.291,0.816368735,0.803137931,2.77,0.097090782,0.095517241,0.567,0.019873817,0.019551724,1.902,0.066666667,0.065586207,0,0,0,0,0,81,96,70,93,50,39000,3639,3,Bin4,0,1.52449,18.456,42.361,37.658,1.5245,18.456,37.6581252,2.816
Prairie,vid9_LREC_jun1021,LREC,2021,Jun,10,06.10.21,Asteracaea,Erigeron,E.annuus,H.ligatus,55,100,3,7,30.594,22.756,0.743805975,0.413745455,0.167,0.005458587,0.003036364,0.834,0.027260247,0.015163636,6.837,0.223475191,0.124309091,0,0,0,0,0,84,91,73,86,57,39000,3639,1,Bin4,0,1.52449,18.456,42.361,37.658,1.5245,18.456,37.6581252,2.816
Prairie,Sept2LREC7,LREC,2020,Sept,2,09.02.20,Asteracaea,Verbesina,V.alternifolia,H.ligatus,25,100,2,1,45.545,22.389,0.491579756,0.89556,20.62,0.452739049,0.8248,0,0,0,2.536,0.055681194,0.10144,0,0,0,0,0,74.9,80,70,77,76,39000,3639,7,Bin4,0,1.52449,18.456,42.361,37.658,1.5245,18.456,37.6581252,2.816
Prairie,vid7_LRECaug1221,LREC,2021,Aug,12,08.12.21,Asteracaea,Coreopsis,C.tripteris,H.ligatus,38,100,1,4,26.582,22.088,0.830938229,0.581263158,0,0,0,0,0,0,4.494,0.169061771,0.118263158,0,0,0,0,0,81,96,70,93,50,39000,3639,3,Bin4,0,1.52449,18.456,42.361,37.658,1.5245,18.456,37.6581252,2.816
Prairie,Sept16LREC3,LREC,2020,Sept,16,09.16.20,Asteracaea,Melampodium,M.divercatum,H.ligatus,12,100,2,1,1.2,0.8,0.666666667,0.066666667,0.4,0.333333333,0.033333333,0,0,0,0,0,0,0,0,0,0,0,70,82,69.8,77,54,39000,3639,7,BIn2,0,1.52449,18.456,42.361,37.658,1.5245,18.456,37.6581252,2.816
Prairie,vid9_LRECaug1221,LREC,2021,Aug,12,08.12.21,Asteracaea,Coreopsis,C.tripteris,H.ligatus,5,100,1,1,1.334,0.433,0.324587706,0.0866,0,0,0,0,0,0,0.901,0.675412294,0.1802,0,0,0,0,0,81,96,70,93,50,39000,3639,3,BIn2,0,1.52449,18.456,42.361,37.658,1.5245,18.456,37.6581252,2.816
Prairie,Vid1_LREC_jun1021,LREC,2021,Jun,10,06.10.21,Asteracaea,Erigeron,E.annuus,H.ligatus,9,100,0,1,1.8,0,0,0,0,0,0,0,0,0,1.8,1,0.2,0,0,0,0,0,84,91,73,86,57,39000,3639,1,BIn2,0,1.52449,18.456,42.361,37.658,1.5245,18.456,37.6581252,2.816
Prairie,vid4_LREC_jun2921,LREC,2021,Jun,29,06.29.21,Asteracaea,Symphyotrichum,S.novae-angliae,H.ligatus,17,100,0,1,7.5,0,0,0,0,0,0,0,0,0,7.5,1,0.441176471,0,0,0,0,0,82,92,75,89,56,39000,3639,7,BIn2,0,1.52449,18.456,42.361,37.658,1.5245,18.456,37.6581252,2.816
Prairie,vid7_LREC_jun2321,LREC,2021,Jun,23,06.23.21,Asteracaea,Rudbeckia,R.hirta,H.ligatus,11,100,1,1,2.6,0,0,0,0,0,0,1.5,0.576923077,0.136363636,1.1,0.423076923,0.1,0,0,0,0,0,76,86,65,80,32,39000,3639,7,BIn2,0,1.52449,18.456,42.361,37.658,1.5245,18.456,37.6581252,2.816
Urban,13thvid15.9.8.21,ON,2021,Sept,8,09.08.21,Asteracaea,Erigeron,E.annuus,H.ligatus,62,100,3,4,39.006,30.758,0.788545352,0.496096774,1.002,0.025688356,0.01616129,0.749,0.019202174,0.012080645,6.497,0.166564118,0.104790323,0,0,0,0,0,75,84,64,79,44,1949,1437,8,Bin4,0,51.7915,45.71118,2.2801,0.2172,53.019,44.566,0.2195,80.019
Urban,vid3_13th_jul621,ON,2021,Jul,6,07.06.21,Asteracaea,Sonchus,S.oleraceus,H.ligatus,44,100,1,3,31.498,29.263,0.929043114,0.665068182,0,0,0,0,0,0,2.235,0.070956886,0.050795455,0,0,0,0,0,85,91,74,87,49,1949,1437,15,Bin4,0,51.7915,45.71118,2.2801,0.2172,53.019,44.566,0.2195,80.019
Urban,vid14_13th_aug1121,ON,2021,Aug,11,08.11.21,Asteracaea,Sanvitalia,S.procumbens,H.ligatus,25,100,1,2,13.995,12.713,0.908395856,0.50852,0,0,0,0,0,0,1.282,0.091604144,0.05128,0,0,0,0,0,88,96,81,90,57,1949,1437,13,Bin4,0,51.7915,45.71118,2.2801,0.2172,53.019,44.566,0.2195,80.019
Urban,vid9_13th_aug1121,ON,2021,Aug,11,08.11.21,Asteracaea,Sanvitalia,S.procumbens,H.ligatus,67,100,1,3,14.993,11.745,0.783365571,0.175298507,0,0,0,0,0,0,3.248,0.216634429,0.048477612,0,0,0,0,0,88,96,81,90,57,1949,1437,13,Bin4,0,51.7915,45.71118,2.2801,0.2172,53.019,44.566,0.2195,80.019
Urban,vid7_13th_aug1121,ON,2021,Aug,11,08.11.21,Asteracaea,Sanvitalia,S.procumbens,H.ligatus,31,100,2,4,15.65,11.412,0.729201278,0.368129032,2.369,0.151373802,0.076419355,0,0,0,1.869,0.11942492,0.060290323,0,0,0,0,0,88,96,81,90,57,1949,1437,13,Bin4,0,51.7915,45.71118,2.2801,0.2172,53.019,44.566,0.2195,80.019
Urban,vid9_13th_jul621,ON,2021,Jul,6,07.06.21,Asteracaea,Ratibida,R.pinnata,H.ligatus,15,100,2,1,15.15,10.411,0.687194719,0.694066667,3.905,0.257755776,0.260333333,0,0,0,0.834,0.055049505,0.0556,0,0,0,0,0,85,91,74,87,49,1949,1437,15,Bin4,0,51.7915,45.71118,2.2801,0.2172,53.019,44.566,0.2195,80.019
Urban,vid1_13th_aug1121,ON,2021,Aug,11,08.11.21,Asteracaea,Zinnia,Z.elegans,H.ligatus,29,100,2,2,14.256,9.746,0.683641975,0.336068966,1.256,0.088103255,0.043310345,0,0,0,3.254,0.22825477,0.112206897,0,0,0,0,0,88,96,81,90,57,1949,1437,13,Bin4,0,51.7915,45.71118,2.2801,0.2172,53.019,44.566,0.2195,80.019
Urban,vid2_13th_jul2321,ON,2021,Jul,23,07.23.21,Asteracaea,Rudbeckia,R.hirta,H.ligatus,33,100,2,5,15.083,9.576,0.634886959,0.290181818,2.303,0.152688457,0.069787879,0,0,0,3.204,0.212424584,0.097090909,0,0,0,0,0,84,93,76,86,59,1949,1437,18,Bin4,0,51.7915,45.71118,2.2801,0.2172,53.019,44.566,0.2195,80.019
Urban,Sept113th6,ON,2020,Sept,1,09.01.20,Asteracaea,Rudbeckia,R.hirta,H.ligatus,19,100,2,1,11.211,9.343,0.833377932,0.491736842,1.234,0.110070467,0.064947368,0,0,0,0.634,0.056551601,0.033368421,0,0,0,0,0,77,87,70,78,74,1949,1437,3,Bin4,0,51.7915,45.71118,2.2801,0.2172,53.019,44.566,0.2195,80.019
Urban,Aug2513th7,ON,2020,Aug,25,08.25.20,Asteracaea,Rudbeckia,R.hirta,H.ligatus,20,100,1,1,9.2,9.2,1,0.46,0,0,0,0,0,0,0,0,0,0,0,0,0,0,84,94,77,88,53,1949,1437,4,Bin4,0,51.7915,45.71118,2.2801,0.2172,53.019,44.566,0.2195,80.019
Urban,vid4_13th_jul2321,ON,2021,Jul,23,07.23.21,Asteracaea,Rudbeckia,R.hirta,H.ligatus,28,100,1,1,10.611,9.043,0.852228819,0.322964286,0,0,0,0,0,0,1.568,0.147771181,0.056,0,0,0,0,0,84,93,76,86,59,1949,1437,18,Bin4,0,51.7915,45.71118,2.2801,0.2172,53.019,44.566,0.2195,80.019
Urban,Aug2513th3,ON,2020,Aug,25,08.25.20,Asteracaea,Rudbeckia,R.hirta,H.ligatus,18,100,2,2,12.222,8.501,0.69554901,0.472277778,2.001,0.163721159,0.111166667,0,0,0,1.72,0.140729831,0.095555556,0,0,0,0,0,84,94,77,88,53,1949,1437,4,Bin4,0,51.7915,45.71118,2.2801,0.2172,53.019,44.566,0.2195,80.019
Urban,JuneHL13th1,ON,2019,Jun,6,06.06.19,Asteracaea,Rudbeckia,R.hirta,H.ligatus,14,100,2,1,11.212,8.008,0.714234748,0.572,1.669,0.148858366,0.119214286,0,0,0,1.535,0.136906885,0.109642857,0,0,0,0,0,77,88,68,80,57,1949,1437,19,Bin4,0,51.7915,45.71118,2.2801,0.2172,53.019,44.566,0.2195,80.019
Urban,vid8_13th_aug1121,ON,2021,Aug,11,08.11.21,Asteracaea,Sanvitalia,S.procumbens,H.ligatus,12,100,2,1,8.542,7.207,0.843713416,0.600583333,0.834,0.097635214,0.0695,0,0,0,0.501,0.05865137,0.04175,0,0,0,0,0,88,96,81,90,57,1949,1437,13,Bin4,0,51.7915,45.71118,2.2801,0.2172,53.019,44.566,0.2195,80.019
Urban,vid5_13th_jul2321,ON,2021,Jul,23,07.23.21,Asteracaea,Echinacea,E.Purpurea,H.ligatus,136,100,3,1,173.973,128.394,0.738011071,0.944073529,40.942,0.235335368,0.301044118,0,0,0,0,0,0,4.637,0.026653561,0.034095588,0,0,84,93,76,86,59,1949,1437,18,Bin4,0.714,1.014,12.77,53.296,32.20657277,3.106,1.399,0.228,80.019
Urban,vid2_13th_jun921,ON,2021,Jun,9,06.09.21,Asteracaea,Achillea,A.millefolium,H.ligatus,89,100,4,4,71.036,56.389,0.793808773,0.63358427,4.872,0.068584943,0.054741573,2.502,0.035221578,0.02811236,3.003,0.04227434,0.033741573,4.27,0.060110367,0.047977528,0,0,77,86,71,79,70,1949,1437,13,Bin4,0.714,1.014,12.77,53.296,32.20657277,3.106,1.399,0.228,80.019
Urban,vid2_13th_jul2821,ON,2021,Jul,28,07.28.21,Asteracaea,Rudbeckia,R.hirta,H.ligatus,118,100,3,5,92.092,56.054,0.608673935,0.475033898,31.265,0.339497459,0.264957627,0,0,0,4.272,0.046388394,0.03620339,0.501,0.005440212,0.004245763,0,0,85,94,74,88,55,1949,1437,18,Bin4,0.714,1.014,12.77,53.296,32.20657277,3.106,1.399,0.228,80.019
Urban,Aug2513th10,ON,2020,Aug,25,08.25.20,Asteracaea,Rudbeckia,R.hirta,H.ligatus,80,100,2,2,60.008,55.506,0.92497667,0.693825,3.498,0.058292228,0.043725,0,0,0,1.004,0.016731103,0.01255,0,0,0,0,0,84,94,77,88,53,1949,1437,4,Bin4,0.714,1.014,12.77,53.296,32.20657277,3.106,1.399,0.228,80.019
Urban,vid4_13th_aug1121,ON,2021,Aug,11,08.11.21,Asteracaea,Zinnia,Z.elegans,H.ligatus,73,100,2,3,82.782,54.821,0.662233336,0.750972603,25.826,0.311976033,0.353780822,0,0,0,2.135,0.025790631,0.029246575,0,0,0,0,0,88,96,81,90,57,1949,1437,13,Bin4,0.714,1.014,12.77,53.296,32.20657277,3.106,1.399,0.228,80.019
Urban,vid6_13th_aug1121,ON,2021,Aug,11,08.11.21,Asteracaea,Sanvitalia,S.procumbens,H.ligatus,80,100,2,9,63.497,53.786,0.847063641,0.672325,5.173,0.081468416,0.0646625,0,0,0,4.538,0.071467943,0.056725,0,0,0,0,0,88,96,81,90,57,1949,1437,13,Bin4,0.714,1.014,12.77,53.296,32.20657277,3.106,1.399,0.228,80.019
Urban,vid7_13th__jul621,ON,2021,Jul,6,07.06.21,Asteracaea,Ratibida,R.pinnata,H.ligatus,108,100,3,5,74.151,50.076,0.675324675,0.463666667,6.512,0.087820798,0.060296296,0,0,0,12.042,0.162398349,0.1115,5.521,0.074456177,0.05112037,0,0,85,91,74,87,49,1949,1437,15,Bin4,0.714,1.014,12.77,53.296,32.20657277,3.106,1.399,0.228,80.019
Urban,vid4_13th_jul621,ON,2021,Jul,6,07.06.21,Asteracaea,Sonchus,S.oleraceus,H.ligatus,109,50,2,9,94.4638,48.082,0.508999215,0.441119266,36.204,0.383257925,0.332146789,0,0,0,10.1778,0.10774286,0.093374312,0,0,0,0,0,85,91,74,87,49,1949,1437,15,Bin4,0.714,1.014,12.77,53.296,32.20657277,3.106,1.399,0.228,80.019
Urban,JuneHL13th2,ON,2019,Jun,6,06.06.19,Asteracaea,Canendula,C.officinalis,H.ligatus,108,100,2,4,48.116,45.009,0.935426885,0.41675,1.979,0.04112977,0.018324074,0,0,0,1.128,0.023443345,0.010444444,0,0,0,0,0,77,88,68,80,57,1949,1437,19,Bin4,0.714,1.014,12.77,53.296,32.20657277,3.106,1.399,0.228,80.019
Urban,vid7_13th_jul2321,ON,2021,Jul,23,07.23.21,Asteracaea,Grindelia,G.species,H.ligatus,27,100,2,2,28.405,15.236,0.536384439,0.564296296,9.749,0.343214223,0.361074074,0,0,0,3.42,0.120401338,0.126666667,0,0,0,0,0,84,93,76,86,59,1949,1437,18,Bin4,0.714,1.014,12.77,53.296,32.20657277,3.106,1.399,0.228,80.019
Urban,vid3_13th_aug1121,ON,2021,Aug,11,08.11.21,Convolvulaceae,Convolvulus,C.arvensis,H.ligatus,29,100,3,6,30.746,14.994,0.487673193,0.517034483,7.498,0.243869121,0.258551724,1.75,0.056917973,0.060344828,6.504,0.211539712,0.224275862,0,0,0,0,0,88,96,81,90,57,1949,1437,13,Bin4,0.714,1.014,12.77,53.296,32.20657277,3.106,1.399,0.228,80.019
Urban,Sept113th5,ON,2020,Sept,1,09.01.20,Asteracaea,Rudbeckia,R.hirta,H.ligatus,30,100,1,4,17.916,14.246,0.795155169,0.474866667,0,0,0,0,0,0,3.67,0.204844831,0.122333333,0,0,0,0,0,77,87,70,78,74,1949,1437,3,Bin4,0.714,1.014,12.77,53.296,32.20657277,3.106,1.399,0.228,80.019
Urban,AUGHL13th2,ON,2019,Aug,5,08.05.19,Asteracaea,Zinnia,Z.elegans,H.ligatus,22,100,2,4,31.015,13.755,0.443495083,0.625227273,12.257,0.395195873,0.557136364,0,0,0,5.003,0.161309044,0.227409091,0,0,0,0,0,81,91,71,87,48,1949,1437,6,Bin4,0.714,1.014,12.77,53.296,32.20657277,3.106,1.399,0.228,80.019
Urban,vid1_13th_jul2821,ON,2021,Jul,28,07.28.21,Asteracaea,Rudbeckia,R.hirta,H.ligatus,28,100,2,2,10.866,7.047,0.64853672,0.251678571,2.417,0.222436959,0.086321429,0,0,0,1.402,0.129026321,0.050071429,0,0,0,0,0,85,94,74,88,55,1949,1437,18,Bin4,0.714,1.014,12.77,53.296,32.20657277,3.106,1.399,0.228,80.019
Urban,Aug2513th11,ON,2020,Aug,25,08.25.20,Asteracaea,Rudbeckia,R.hirta,H.ligatus,30,100,1,2,8.51,6.757,0.794007051,0.225233333,0,0,0,0,0,0,1.753,0.205992949,0.058433333,0,0,0,0,0,84,94,77,88,53,1949,1437,4,Bin4,0.714,1.014,12.77,53.296,32.20657277,3.106,1.399,0.228,80.019
Urban,vid1_13th_jun321,ON,2021,Jun,3,06.03.21,Asteracaea,Achillea,A.millefolium,H.ligatus,13,100,2,2,5.94,5.306,0.893265993,0.408153846,0,0,0,0,0,0,0.634,0.106734007,0.048769231,0,0,0,0,0,74,83,65,78,52,1949,1437,13,Bin4,0.714,1.014,12.77,53.296,32.20657277,3.106,1.399,0.228,80.019
Urban,Aug2513th8,ON,2020,Aug,25,08.25.20,Asteracaea,Rudbeckia,R.hirta,H.ligatus,15,100,2,1,8.497,5.249,0.61774744,0.349933333,2.247,0.264446275,0.1498,0,0,0,1.001,0.117806285,0.066733333,0,0,0,0,0,84,94,77,88,53,1949,1437,4,Bin4,0.714,1.014,12.77,53.296,32.20657277,3.106,1.399,0.228,80.019
Urban,JulHL13th2,ON,2019,Jul,3,07.03.19,Asteracaea,Helenium,H.autumnale,H.ligatus,9,100,1,1,6.106,4.905,0.803308221,0.545,0,0,0,0,0,0,1.201,0.196691779,0.133444444,0,0,0,0,0,81,92,75,88,57,1949,1437,9,Bin4,0.714,1.014,12.77,53.296,32.20657277,3.106,1.399,0.228,80.019
Urban,Sept113th3,ON,2020,Sept,1,09.01.20,Asteracaea,Rudbeckia,R.hirta,H.ligatus,15,100,1,2,5.573,4.872,0.874214965,0.3248,0,0,0,0,0,0,0.701,0.125785035,0.046733333,0,0,0,0,0,77,87,70,78,74,1949,1437,3,Bin4,0.714,1.014,12.77,53.296,32.20657277,3.106,1.399,0.228,80.019
Urban,vid1_13th_jun921,ON,2021,Jun,9,06.09.21,Asteracaea,Achillea,A.millefolium,H.ligatus,22,100,2,2,11.846,4.171,0.352101975,0.189590909,0,0,0,0,0,0,7.675,0.647898025,0.348863636,0,0,0,0,0,77,86,71,79,70,1949,1437,13,Bin4,0.714,1.014,12.77,53.296,32.20657277,3.106,1.399,0.228,80.019
Urban,Aug2513th2,ON,2020,Aug,25,08.25.20,Asteracaea,Rudbeckia,R.hirta,H.ligatus,15,100,1,1,3.57,2.603,0.729131653,0.173533333,0,0,0,0,0,0,0.967,0.270868347,0.064466667,0,0,0,0,0,84,94,77,88,53,1949,1437,4,Bin4,0.714,1.014,12.77,53.296,32.20657277,3.106,1.399,0.228,80.019
Urban,Aug2513th6,ON,2020,Aug,25,08.25.20,Asteracaea,Rudbeckia,R.hirta,H.ligatus,8,100,1,2,4,2.5,0.625,0.3125,0,0,0,0,0,0,1.5,0.375,0.1875,0,0,0,0,0,84,94,77,88,53,1949,1437,4,Bin4,0.714,1.014,12.77,53.296,32.20657277,3.106,1.399,0.228,80.019
Urban,Aug2513th1,ON,2020,Aug,25,08.25.20,Asteracaea,Rudbeckia,R.hirta,H.ligatus,14,100,1,1,2.837,2.069,0.729291505,0.147785714,0,0,0,0,0,0,0.768,0.270708495,0.054857143,0,0,0,0,0,84,94,77,88,53,1949,1437,4,Bin4,0.714,1.014,12.77,53.296,32.20657277,3.106,1.399,0.228,80.019
Urban,13thvid10.9.8.21,ON,2021,Sept,8,09.08.21,Asteracaea,Erigeron,E.annuus,H.ligatus,14,100,1,2,2.02,2.02,1,0.144285714,0,0,0,0,0,0,0,0,0,0,0,0,0,0,75,84,64,79,44,1949,1437,8,Bin4,0.714,1.014,12.77,53.296,32.20657277,3.106,1.399,0.228,80.019
Urban,Sept713th2,ON,2020,Sept,7,09.07.20,Asteracaea,Rudbeckia,R.hirta,H.ligatus,18,100,1,1,2.202,1.5,0.68119891,0.083333333,0,0,0,0,0,0,0.702,0.31880109,0.039,0,0,0,0,0,82,91,75,86,57,1949,1437,3,Bin4,0.714,1.014,12.77,53.296,32.20657277,3.106,1.399,0.228,80.019
Urban,vid8_13th_jul621,ON,2021,Jul,6,07.06.21,Asteracaea,Ratibida,R.pinnata,H.ligatus,79,100,3,3,100.401,70.249,0.699684266,0.889227848,15.496,0.154341092,0.196151899,0,0,0,4.9,0.048804295,0.062025316,9.756,0.097170347,0.123493671,0,0,85,91,74,87,49,1949,1437,15,Bin4,78.155,14.369,4.66,2.136,0.68,14.369,4.66,0.68,80.019
Urban,vid4_13th_jun321,ON,2021,Jun,3,06.03.21,Asteracaea,Achillea,A.millefolium,H.ligatus,175,100,4,5,98.263,68.937,0.701556028,0.393925714,18.384,0.187089749,0.105051429,1.1,0.011194448,0.006285714,8.041,0.081831412,0.045948571,1.801,0.018328364,0.010291429,0,0,74,83,65,78,52,1949,1437,13,Bin4,78.155,14.369,4.66,2.136,0.68,14.369,4.66,0.68,80.019
Urban,Aug2513th5,ON,2020,Aug,25,08.25.20,Asteracaea,Rudbeckia,R.hirta,H.ligatus,97,100,2,4,70.755,63.499,0.897448944,0.654628866,3.496,0.049409936,0.036041237,0,0,0,3.76,0.053141121,0.038762887,0,0,0,0,0,84,94,77,88,53,1949,1437,4,Bin4,78.155,14.369,4.66,2.136,0.68,14.369,4.66,0.68,80.019
Urban,vid10_13th_jul621,ON,2021,Jul,6,07.06.21,Asteracaea,Ratibida,R.pinnata,H.ligatus,29,100,2,2,29.728,21.221,0.713838805,0.731758621,7.272,0.244617869,0.250758621,0,0,0,1.235,0.041543326,0.042586207,0,0,0,0,0,85,91,74,87,49,1949,1437,15,Bin4,78.155,14.369,4.66,2.136,0.68,14.369,4.66,0.68,80.019
Urban,13thvid11.9.8.21,ON,2021,Sept,8,09.08.21,Asteracaea,Erigeron,E.annuus,H.ligatus,36,100,3,4,29.965,20.745,0.692307692,0.57625,5.751,0.191923911,0.15975,0.758,0.025296179,0.021055556,2.711,0.090472218,0.075305556,0,0,0,0,0,75,84,64,79,44,1949,1437,8,Bin4,78.155,14.369,4.66,2.136,0.68,14.369,4.66,0.68,80.019
Urban,vid11_13th_aug1121,ON,2021,Aug,11,08.11.21,Asteracaea,Sanvitalia,S.procumbens,H.ligatus,32,100,1,2,21.251,20.497,0.964519317,0.64053125,0,0,0,0,0,0,0.754,0.035480683,0.0235625,0,0,0,0,0,88,96,81,90,57,1949,1437,13,Bin4,78.155,14.369,4.66,2.136,0.68,14.369,4.66,0.68,80.019
Urban,Sept713th,ON,2020,Sept,7,09.07.20,Asteracaea,Rudbeckia,R.hirta,H.ligatus,39,100,2,2,24.257,19.652,0.810157893,0.503897436,0,0,0,0.667,0.027497217,0.017102564,3.938,0.16234489,0.100974359,0,0,0,0,0,82,91,75,86,57,1949,1437,3,Bin4,78.155,14.369,4.66,2.136,0.68,14.369,4.66,0.68,80.019
Urban,AUGHL131,ON,2019,Aug,5,08.05.19,Asteracaea,Echinacea,E.purpurea,H.ligatus,80,100,2,1,27.25,19.249,0.706385321,0.2406125,6.501,0.238568807,0.0812625,0,0,0,1.5,0.055045872,0.01875,0,0,0,0,0,81,91,71,87,48,1949,1437,6,Bin4,78.155,14.369,4.66,2.136,0.68,14.369,4.66,0.68,80.019
Urban,13thvid6.9.8.21,ON,2021,Sept,8,09.08.21,Asteracaea,Erigeron,E.annuus,H.ligatus,32,100,2,2,20.493,16.001,0.780803201,0.50003125,0.995,0.048553164,0.03109375,0,0,0,3.497,0.170643634,0.10928125,0,0,0,0.01,0,75,84,64,79,44,1949,1437,8,Bin4,78.155,14.369,4.66,2.136,0.68,14.369,4.66,0.68,80.019
Urban,vid5_13th_jul621,ON,2021,Jul,6,07.06.21,Asteracaea,Ratibida,R.pinnata,H.ligatus,27,100,3,2,26.127,15.883,0.607915184,0.588259259,7.675,0.293757416,0.284259259,0,0,0,1.668,0.063842003,0.061777778,0.901,0.034485398,0.03337037,0,0,85,91,74,87,49,1949,1437,15,Bin4,78.155,14.369,4.66,2.136,0.68,14.369,4.66,0.68,80.019
Urban,vid5_13th_jul2821,ON,2021,Jul,28,07.28.21,Asteracaea,Rudbeckia,R.hirta,H.ligatus,44,100,3,5,37.072,27.994,0.755125162,0.636227273,3.037,0.081921666,0.069022727,0,0,0,4.406,0.118849806,0.100136364,1.635,0.044103366,0.037159091,0,0,85,94,74,88,55,1949,1437,18,Bin4,0,1.52449,18.456,42.361,37.658,1.5245,18.456,37.6581252,80.019
Urban,vid13_13th_aug1121,ON,2021,Aug,11,08.11.21,Asteracaea,Sanvitalia,S.procumbens,H.ligatus,49,100,2,4,31.566,27.361,0.866787049,0.558387755,0,0,0,0.334,0.010581005,0.006816327,3.871,0.122631946,0.079,0,0,0,0,0,88,96,81,90,57,1949,1437,13,Bin4,0,1.52449,18.456,42.361,37.658,1.5245,18.456,37.6581252,80.019
Urban,JulHL13th1,ON,2019,Jul,3,07.03.19,Asteracaea,Cichorium,C.intybus,H.ligatus,51,100,3,4,71.445,26.922,0.376821331,0.527882353,31.769,0.444663727,0.622921569,7.257,0.101574638,0.142294118,5.497,0.076940304,0.107784314,0,0,0,0,0,81,92,75,88,57,1949,1437,9,Bin4,0,1.52449,18.456,42.361,37.658,1.5245,18.456,37.6581252,80.019
Urban,Sept113th2,ON,2020,Sept,1,09.01.20,Asteracaea,Rudbeckia,R.hirta,H.ligatus,37,100,2,2,25.324,22.055,0.870912968,0.596081081,0.534,0.021086716,0.014432432,0,0,0,2.735,0.108000316,0.073918919,0,0,0,0,0,77,87,70,78,74,1949,1437,3,Bin4,0,1.52449,18.456,42.361,37.658,1.5245,18.456,37.6581252,80.019
Urban,vid3_13th_jul2821,ON,2021,Jul,28,07.28.21,Asteracaea,Rudbeckia,R.hirta,H.ligatus,36,100,2,3,30.602,21.594,0.705640154,0.599833333,4.972,0.162473041,0.138111111,0,0,0,4.036,0.131886805,0.112111111,0,0,0,0,0,85,94,74,88,55,1949,1437,18,Bin4,0,1.52449,18.456,42.361,37.658,1.5245,18.456,37.6581252,80.019
Urban,vid4_13th_jul2821,ON,2021,Jul,28,07.28.21,Asteracaea,Rudbeckia,R.hirta,H.ligatus,37,100,2,4,29.863,21.454,0.718414091,0.579837838,4.772,0.159796404,0.128972973,0,0,0,3.637,0.121789505,0.098297297,0,0,0,0,0,85,94,74,88,55,1949,1437,18,Bin4,0,1.52449,18.456,42.361,37.658,1.5245,18.456,37.6581252,80.019
Urban,13thvid16.9.8.21,ON,2021,Sept,8,09.08.21,Asteracaea,Erigeron,E.annuus,H.ligatus,18,100,1,2,4.254,1.497,0.35190409,0.083166667,0,0,0,0,0,0,2.757,0.64809591,0.153166667,0,0,0,0,0,75,84,64,79,44,1949,1437,8,Bin4,0,1.52449,18.456,42.361,37.658,1.5245,18.456,37.6581252,80.019
Urban,vid12_13th_aug1121,ON,2021,Aug,11,08.11.21,Asteracaea,Sanvitalia,S.procumbens,H.ligatus,11,100,1,2,2.496,1.246,0.499198718,0.113272727,0,0,0,0,0,0,1.25,0.500801282,0.113636364,0,0,0,0,0,88,96,81,90,57,1949,1437,13,Bin4,0,1.52449,18.456,42.361,37.658,1.5245,18.456,37.6581252,80.019
Urban,Sept113th4,ON,2020,Sept,1,09.01.20,Asteracaea,Rudbeckia,R.hirta,H.ligatus,11,100,1,1,1.635,1.134,0.693577982,0.103090909,0,0,0,0,0,0,0.501,0.306422018,0.045545455,0,0,0,0,0,77,87,70,78,74,1949,1437,3,Bin4,0,1.52449,18.456,42.361,37.658,1.5245,18.456,37.6581252,80.019
Urban,vid5_13th_jun321,ON,2021,Jun,3,06.03.21,Asteracaea,Achillea,A.millefolium,H.ligatus,9,100,1,1,3.448,1.1,0.319025522,0.122222222,0,0,0,0,0,0,2.348,0.680974478,0.260888889,0,0,0,0,0,74,83,65,78,52,1949,1437,13,Bin4,0,1.52449,18.456,42.361,37.658,1.5245,18.456,37.6581252,80.019
Urban,vid6_13th_jul621,ON,2021,Jul,6,07.06.21,Asteracaea,Ratibida,R.pinnata,H.ligatus,15,100,2,1,3.07,0,0,0,1.068,0.347882736,0.0712,0,0,0,1.068,0.347882736,0.0712,0.934,0.304234528,0.062266667,0.968,0,85,91,74,87,49,1949,1437,15,Bin4,0,1.52449,18.456,42.361,37.658,1.5245,18.456,37.6581252,80.019
Urban,Aug2513th4,ON,2020,Aug,25,08.25.20,Asteracaea,Rudbeckia,R.hirta,H.ligatus,11,100,0,1,1.01,0,0,0,0,0,0,0,0,0,1.01,1,0.091818182,0,0,0,0,0,84,94,77,88,53,1949,1437,4,Bin4,0,1.52449,18.456,42.361,37.658,1.5245,18.456,37.6581252,80.019
Prairie,vid2.Shaw.7.26.21,Shaw,2021,Jul,26,07.26.21,Asteracaea,Coreopsis,C.lanceolata,H.ligatus,150,100,2,16,163.02,80.311,0.492645074,0.535406667,9.006,0.055244755,0.06004,0,0,0,73.703,0.452110171,0.491353333,0,0,0,0,0,82,90,75,88,42,3750000,3500,9,Bin1,0,51.7915,45.71118,2.2801,0.2172,53.019,44.566,0.2195,2.4973
Prairie,Jul15Shaw10,Shaw,2020,Jul,15,07.15.20,Asteracaea,Ratibida,R.pinnata,H.ligatus,131,100,1,2,81.028,76.057,0.938650837,0.580587786,3.169,0.039109937,0.02419084,0,0,0,1.802,0.022239226,0.013755725,0,0,0,0,0,79.64,93,72,85,65,3750000,1600,17,Bin1,0,51.7915,45.71118,2.2801,0.2172,53.019,44.566,0.2195,2.4973
Prairie,vid2_Shaw_jul521,Shaw,2021,Jul,5,07.05.21,Asteracaea,Ratibida,R.pinnata,H.ligatus,105,100,4,2,113.582,72.543,0.638683946,0.690885714,5.753,0.050650631,0.054790476,1.999,0.01759962,0.019038095,0.997,0.008777799,0.009495238,32.29,0.284288003,0.30752381,8.501,0,82,91,73,85,49,3750000,1600,3,Bin1,0,51.7915,45.71118,2.2801,0.2172,53.019,44.566,0.2195,2.4973
Prairie,JuneHLShaw3,Shaw,2019,Jun,24,06.24.19,Asteracaea,Rudbeckia,R.laciniata,H.ligatus,53,100,2,3,44.662,35.149,0.787000134,0.663188679,0.509,0.011396713,0.009603774,0,0,0,9.004,0.201603153,0.169886792,0,0,0,0,0,72.2,81,68,70,55,3750000,3500,16,Bin1,0,51.7915,45.71118,2.2801,0.2172,53.019,44.566,0.2195,2.4973
Prairie,Aug12Shaw,Shaw,2020,Aug,12,08.12.20,Asteracaea,Coreopsis,C.lanceolata,H.ligatus,37,100,3,3,19.9,12.5,0.628140704,0.337837838,5,0.251256281,0.135135135,0.5,0.025125628,0.013513514,1.9,0.095477387,0.051351351,0,0,0,0,0,80,90,72,85,58,3750000,3500,11,Bin1,0,51.7915,45.71118,2.2801,0.2172,53.019,44.566,0.2195,2.4973
Prairie,vid4_Shaw_jul2221,Shaw,2021,Jul,22,07.22.21,Asteracaea,Ratibida,R.pinnata,H.ligatus,20,100,1,1,13.996,12,0.857387825,0.6,0,0,0,0,0,0,1.996,0.142612175,0.0998,0,0,0,0,0,83,90,74,86,55,3750000,1600,9,Bin1,0,51.7915,45.71118,2.2801,0.2172,53.019,44.566,0.2195,2.4973
Prairie,Jul15Shaw3,Shaw,2020,Jul,15,07.15.20,Asteracaea,Ratibida,R.pinnata,H.ligatus,30,100,3,2,21.344,11.804,0.553035982,0.393466667,7.44,0.348575712,0.248,1.3,0.060907046,0.043333333,0.8,0.037481259,0.026666667,0,0,0,0,0,79.64,93,72,85,65,3750000,1600,17,Bin1,0,51.7915,45.71118,2.2801,0.2172,53.019,44.566,0.2195,2.4973
Prairie,Sept13Shaw5,Shaw,2020,Sept,13,09.13.20,Asteracaea,Symphyotrichum,S.ericoides,H.ligatus,51,100,2,6,35.601,11.511,0.323333614,0.225705882,11.845,0.332715373,0.232254902,0,0,0,12.245,0.343951013,0.240098039,0,0,0,0,0,71,73,64,72,88,3750000,3500,4,Bin1,0,51.7915,45.71118,2.2801,0.2172,53.019,44.566,0.2195,2.4973
Prairie,Sept13Shaw4,Shaw,2020,Sept,13,09.13.20,Asteracaea,Symphyotrichum,S.ericoides,H.ligatus,52,100,2,7,38.238,10.511,0.274883624,0.202134615,7.807,0.204168628,0.150134615,0,0,0,19.92,0.520947748,0.383076923,0,0,0,0,0,71,73,64,72,88,3750000,3500,4,Bin1,0,51.7915,45.71118,2.2801,0.2172,53.019,44.566,0.2195,2.4973
Prairie,vid1.Shaw.7.26.21,Shaw,2021,Jul,26,07.26.21,Asteracaea,Coreopsis,C.lanceolata,H.ligatus,46,100,2,3,14.02,10.509,0.74957204,0.228456522,0.5,0.035663338,0.010869565,0,0,0,3.011,0.214764622,0.065456522,0,0,0,0,0,82,90,75,88,42,3750000,3500,9,Bin1,0,51.7915,45.71118,2.2801,0.2172,53.019,44.566,0.2195,2.4973
Prairie,vid12_Shaw_jul521,Shaw,2021,Jul,5,07.05.21,Asteracaea,Ratibida,R.pinnata,H.ligatus,17,100,2,1,14.001,10.247,0.731876295,0.602764706,2.249,0.160631383,0.132294118,0,0,0,1.505,0.107492322,0.088529412,0,0,0,0,0,82,91,73,85,49,3750000,1600,3,Bin1,0,51.7915,45.71118,2.2801,0.2172,53.019,44.566,0.2195,2.4973
Prairie,Jul15Shaw2,Shaw,2020,Jul,15,07.15.20,Asteracaea,Ratibida,R.pinnata,H.ligatus,17,100,1,1,9.442,7.841,0.830438466,0.461235294,0,0,0,0,0,0,1.601,0.169561534,0.094176471,0,0,0,0,0,79.64,93,72,85,65,3750000,1600,17,Bin1,0,51.7915,45.71118,2.2801,0.2172,53.019,44.566,0.2195,2.4973
Prairie,JuneHLShaw6,Shaw,2019,Jun,24,06.24.19,Asteracaea,Rudbeckia,R.hirta,H.ligatus,297,100,2,3,227.411,199.167,0.875801962,0.67059596,11.243,0.049439121,0.037855219,0,0,0,17.001,0.074758917,0.057242424,0,0,0,0,0,72.2,81,68,70,55,3750000,3500,16,Bin1,0.714,1.014,12.77,53.296,32.20657277,3.106,1.399,0.228,2.4973
Prairie,vid1_Shaw_jul2221,Shaw,2021,Jul,22,07.22.21,Asteracaea,Ratibida,R.pinnata,H.ligatus,254,100,2,5,201.592,191.083,0.947869955,0.752295276,5,0.024802572,0.019685039,0,0,0,5.509,0.027327473,0.021688976,0,0,0,0,0,83,90,74,86,55,3750000,1600,9,Bin1,0.714,1.014,12.77,53.296,32.20657277,3.106,1.399,0.228,2.4973
Prairie,JuneHLShaw4,Shaw,2019,Jun,24,06.24.19,Asteracaea,Rudbeckia,R.laciniata,H.ligatus,153,100,2,1,173.5,169,0.974063401,1.104575163,4.5,0.025936599,0.029411765,0,0,0,0,0,0,0,0,0,0,0,72.2,81,68,70,55,3750000,3500,16,Bin1,0.714,1.014,12.77,53.296,32.20657277,3.106,1.399,0.228,2.4973
Prairie,JuneHLShaw5,Shaw,2019,Jun,24,06.24.19,Asteracaea,Rudbeckia,R.hirta,H.ligatus,177,100,1,1,168,168,1,0.949152542,0,0,0,0,0,0,0,0,0,0,0,0,0,0,72.2,81,68,70,55,3750000,3500,16,Bin1,0.714,1.014,12.77,53.296,32.20657277,3.106,1.399,0.228,2.4973
Prairie,JuneHLShaw1,Shaw,2019,Jun,24,06.24.19,Asteracaea,Rudbeckia,R.laciniata,H.ligatus,64,100,2,1,64,60,0.9375,0.9375,4,0.0625,0.0625,0,0,0,0,0,0,0,0,0,0,0,72.2,81,68,70,55,3750000,3500,16,Bin1,0.714,1.014,12.77,53.296,32.20657277,3.106,1.399,0.228,2.4973
Prairie,JulyHLShaw4,Shaw,2019,Jul,1,07.01.19,Asteracaea,Rudbeckia,R.Hirta,H.ligatus,72,100,1,2,51.655,51.255,0.992256316,0.711875,0,0,0,0,0,0,0.4,0.007743684,0.005555556,0,0,0,5.444,0,83,91,75,88,60,3750000,3500,17,Bin1,0.714,1.014,12.77,53.296,32.20657277,3.106,1.399,0.228,2.4973
Prairie,JulyHLShaw1,Shaw,2019,Jul,1,07.01.19,Asteracaea,Coreopsis,C.lanceolata,H.ligatus,71,100,3,4,62.814,49.009,0.780224154,0.690267606,5.502,0.087591938,0.077492958,2.919,0.046470532,0.041112676,5.384,0.085713376,0.075830986,0,0,0,0,0,83,91,75,88,60,3750000,3500,17,Bin1,0.714,1.014,12.77,53.296,32.20657277,3.106,1.399,0.228,2.4973
Prairie,vid12.Shaw.7.26.21,Shaw,2021,Jul,26,07.26.21,Asteracaea,Coreopsis,C.lanceolata,H.ligatus,76,66,3,3,62.234,47.245,0.759150946,0.621644737,5.992,0.096281775,0.078842105,0,0,0,7.502,0.12054504,0.098710526,1.495,0.024022239,0.019671053,0,0,82,90,75,88,42,3750000,1600,9,Bin1,0.714,1.014,12.77,53.296,32.20657277,3.106,1.399,0.228,2.4973
Prairie,vid3_Shaw_jul2221,Shaw,2021,Jul,22,07.22.21,Asteracaea,Ratibida,R.pinnata,H.ligatus,64,100,2,3,53.018,45.499,0.858180241,0.710921875,4.754,0.08966766,0.07428125,0,0,0,2.765,0.052152099,0.043203125,0,0,0,0.753,0,83,90,74,86,55,3750000,1600,9,Bin1,0.714,1.014,12.77,53.296,32.20657277,3.106,1.399,0.228,2.4973
Prairie,AUGHLShaw4,Shaw,2019,Aug,23,08.23.19,Asteracaea,Coreopsis,C.lanceolata,H.ligatus,56,100,2,3,53.139,39.401,0.741470483,0.703589286,12.371,0.232804532,0.220910714,0,0,0,1.367,0.025724985,0.024410714,0,0,0,0,0,74,82,68,79,65,3750000,3500,11,Bin1,0.714,1.014,12.77,53.296,32.20657277,3.106,1.399,0.228,2.4973
Prairie,vid1_Shaw_jul521,Shaw,2021,Jul,5,07.05.21,Asteracaea,Ratibida,R.pinnata,H.ligatus,40,100,2,1,16.003,15.25,0.952946323,0.38125,0.753,0.047053677,0.018825,0,0,0,0,0,0,0,0,0,0,0,82,91,73,85,49,3750000,1600,3,Bin1,0.714,1.014,12.77,53.296,32.20657277,3.106,1.399,0.228,2.4973
Prairie,vid67_Shaw_jul521,Shaw,2021,Jul,5,07.05.21,Asteracaea,Ratibida,R.pinnata,H.ligatus,27,100,2,1,16.659,14.909,0.894951678,0.552185185,1.75,0.105048322,0.064814815,0,0,0,0,0,0,0,0,0,0,0,82,91,73,85,49,3750000,1600,3,Bin1,0.714,1.014,12.77,53.296,32.20657277,3.106,1.399,0.228,2.4973
Prairie,Sept13Shaw3,Shaw,2020,Sept,13,09.13.20,Asteracaea,Symphyotrichum,S.ericoides,H.ligatus,30,100,2,5,33.5,13.5,0.402985075,0.45,13,0.388059701,0.433333333,0,0,0,7,0.208955224,0.233333333,0,0,0,0.1,0,71,73,64,72,88,3750000,3500,4,Bin1,0.714,1.014,12.77,53.296,32.20657277,3.106,1.399,0.228,2.4973
Prairie,vid9_Shaw_jul521,Shaw,2021,Jul,5,07.05.21,Asteracaea,Ratibida,R.pinnata,H.ligatus,17,100,2,1,13.743,13.256,0.964563778,0.779764706,0.294,0.021392709,0.017294118,0,0,0,0.193,0.014043513,0.011352941,0,0,0,0,0,82,91,73,85,49,3750000,1600,3,Bin1,0.714,1.014,12.77,53.296,32.20657277,3.106,1.399,0.228,2.4973
Prairie,AUGHLShaw3,Shaw,2019,Aug,23,08.23.19,Asteracaea,Coreopsis,C.lanceolata,H.ligatus,22,100,1,2,15.801,13.043,0.825454085,0.592863636,0,0,0,0,0,0,2.758,0.174545915,0.125363636,0,0,0,0,0,74,82,68,79,65,3750000,3500,11,Bin1,0.714,1.014,12.77,53.296,32.20657277,3.106,1.399,0.228,2.4973
Prairie,Jul15Shaw4,Shaw,2020,Jul,15,07.15.20,Asteracaea,Ratibida,R.pinnata,H.ligatus,34,100,1,3,8.15,7.1,0.871165644,0.208823529,0,0,0,0,0,0,1.05,0.128834356,0.030882353,0,0,0,0,0,79.64,93,72,85,65,3750000,1600,17,Bin1,0.714,1.014,12.77,53.296,32.20657277,3.106,1.399,0.228,2.4973
Prairie,Aug12Shaw2,Shaw,2020,Aug,12,08.12.20,Asteracaea,Coreopsis,C.lanceolata,H.ligatus,16,100,2,3,8.6,7,0.813953488,0.4375,0.5,0.058139535,0.03125,0,0,0,1.1,0.127906977,0.06875,0,0,0,0,0,80,90,72,85,58,3750000,3500,11,Bin1,0.714,1.014,12.77,53.296,32.20657277,3.106,1.399,0.228,2.4973
Prairie,vid6_Shaw_aug1521,Shaw,2021,Aug,15,09.15.21,Asteracaea,Rudbeckia,R.hirta,H.ligatus,24,100,2,4,10.11,6.939,0.686350148,0.289125,0,0,0,1.735,0.171612265,0.072291667,1.436,0.142037587,0.059833333,0,0,0,0,0,75,82,68,81,47,3750000,3500,5,Bin1,0.714,1.014,12.77,53.296,32.20657277,3.106,1.399,0.228,2.4973
Prairie,vid2_Shaw_aug1521,Shaw,2021,Aug,15,09.15.21,Asteracaea,Rudbeckia,R.hirta,H.ligatus,16,100,1,2,9.375,6.906,0.73664,0.431625,0,0,0,0,0,0,2.469,0.26336,0.1543125,0,0,0,0.867,0,75,82,68,81,47,3750000,3500,5,Bin1,0.714,1.014,12.77,53.296,32.20657277,3.106,1.399,0.228,2.4973
Prairie,vid8.Shaw.7.26.21,Shaw,2021,Jul,26,07.26.21,Asteracaea,Coreopsis,C.lanceolata,H.ligatus,12,100,1,1,7.988,6.491,0.812593891,0.540916667,0,0,0,0,0,0,1.497,0.187406109,0.12475,0,0,0,0.009,0,82,90,75,88,42,3750000,3500,9,Bin1,0.714,1.014,12.77,53.296,32.20657277,3.106,1.399,0.228,2.4973
Prairie,Sept12Shaw2,Shaw,2020,Sept,13,09.13.20,Asteracaea,Symphyotrichum,S.ericoides,H.ligatus,9,100,1,1,6.2,5.5,0.887096774,0.611111111,0,0,0,0,0,0,0.7,0.112903226,0.077777778,0,0,0,0,0,71,73,64,72,88,3750000,3500,4,Bin1,0.714,1.014,12.77,53.296,32.20657277,3.106,1.399,0.228,2.4973
Prairie,Jul15Shaw7,Shaw,2020,Jul,15,07.15.20,Asteracaea,Ratibida,R.pinnata,H.ligatus,12,100,1,1,5.1,5,0.980392157,0.416666667,0,0,0,0,0,0,0.1,0.019607843,0.008333333,0,0,0,0,0,79.64,93,72,85,65,3750000,1600,17,Bin1,0.714,1.014,12.77,53.296,32.20657277,3.106,1.399,0.228,2.4973
Prairie,Jul15Shaw9,Shaw,2020,Jul,15,07.15.20,Asteracaea,Ratibida,R.pinnata,H.ligatus,24,100,1,1,5.7,5,0.877192982,0.208333333,0,0,0,0,0,0,0.7,0.122807018,0.029166667,0,0,0,0,0,79.64,93,72,85,65,3750000,1600,17,Bin1,0.714,1.014,12.77,53.296,32.20657277,3.106,1.399,0.228,2.4973
Prairie,AUGHLShaw5,Shaw,2019,Aug,23,08.23.19,Asteracaea,Coreopsis,C.lanceolata,H.ligatus,26,100,1,2,6,4,0.666666667,0.153846154,0,0,0,0,0,0,2,0.333333333,0.076923077,0,0,0,0,0,74,82,68,79,65,3750000,3500,11,Bin1,0.714,1.014,12.77,53.296,32.20657277,3.106,1.399,0.228,2.4973
Prairie,vid9.Shaw.7.26.21,Shaw,2021,Jul,26,07.26.21,Asteracaea,Coreopsis,C.lanceolata,H.ligatus,16,100,1,1,5.501,3.746,0.680967097,0.234125,0,0,0,0,0,0,1.755,0.319032903,0.1096875,0,0,0,0,0,82,90,75,88,42,3750000,3500,9,Bin1,0.714,1.014,12.77,53.296,32.20657277,3.106,1.399,0.228,2.4973
Prairie,vid11.Shaw.7.26.21,Shaw,2021,Jul,26,07.26.21,Asteracaea,Coreopsis,C.lanceolata,H.ligatus,19,100,1,4,6.009,2.749,0.457480446,0.144684211,0,0,0,0,0,0,3.26,0.542519554,0.171578947,0,0,0,0,0,82,90,75,88,42,3750000,1600,9,Bin1,0.714,1.014,12.77,53.296,32.20657277,3.106,1.399,0.228,2.4973
Prairie,Jul15Shaw,Shaw,2020,Jul,15,07.15.20,Asteracaea,Ratibida,R.pinnata,H.ligatus,16,100,1,1,3.248,1.988,0.612068966,0.12425,0,0,0,0,0,0,1.26,0.387931034,0.07875,0,0,0,0,0,79.64,93,72,85,65,3750000,1600,17,Bin1,0.714,1.014,12.77,53.296,32.20657277,3.106,1.399,0.228,2.4973
Prairie,vid3.Shaw.7.26.21,Shaw,2021,Jul,26,07.26.21,Asteracaea,Coreopsis,C.lanceolata,H.ligatus,27,100,1,3,4.502,1.25,0.277654376,0.046296296,0,0,0,0,0,0,3.252,0.722345624,0.120444444,0,0,0,0,0,82,90,75,88,42,3750000,3500,9,Bin1,0,1.52449,18.456,42.361,37.658,1.5245,18.456,0.228,2.4973
Prairie,JulyHLShaw3,Shaw,2019,Jul,1,07.01.19,Asteracaea,Rudbeckia,R.Hirta,H.ligatus,30,100,0,1,0,0,#DIV/0!,0,0,#DIV/0!,0,0,#DIV/0!,0,0,#DIV/0!,0,0,#DIV/0!,0,11.234,0,83,91,75,88,60,3750000,3500,17,Bin1,0,1.52449,18.456,42.361,37.658,1.5245,18.456,0.228,2.4973
Prairie,vid8_Shaw_jul521,Shaw,2021,Jul,5,07.05.21,Asteracaea,Ratibida,R.pinnata,H.ligatus,135,100,2,1,125.66,101.997,0.811690275,0.755533333,22.5,0.179054592,0.166666667,0,0,0,1.163,0.009255133,0.008614815,0,0,0,0,0,82,91,73,85,49,3750000,1600,3,Bin1,78.155,14.369,4.66,2.136,0.68,14.369,4.66,0.68,2.4973
Prairie,vid6.Shaw.7.26.21,Shaw,2021,Jul,26,07.26.21,Asteracaea,Coreopsis,C.lanceolata,H.ligatus,144,100,2,13,123.535,87.274,0.70647185,0.606069444,17.252,0.13965273,0.119805556,0,0,0,19.009,0.15387542,0.132006944,0,0,0,0,0,82,90,75,88,42,3750000,3500,9,Bin1,78.155,14.369,4.66,2.136,0.68,14.369,4.66,0.68,2.4973
Prairie,vid1_Shaw_aug1521,Shaw,2021,Aug,15,09.15.21,Asteracaea,Echinacea,E.purpurea,H.ligatus,105,100,2,5,127.094,87.054,0.68495759,0.829085714,16.55,0.130218578,0.157619048,0,0,0,23.49,0.184823831,0.223714286,0,0,0,0,0,75,82,68,81,47,3750000,3500,5,Bin1,78.155,14.369,4.66,2.136,0.68,14.369,4.66,0.68,2.4973
Prairie,AUGHLShaw1,Shaw,2019,Aug,23,08.23.19,Asteracaea,Coreopsis,C.lanceolata,H.ligatus,99,100,2,4,106.361,86.588,0.814095392,0.874626263,14.53,0.136610224,0.146767677,0,0,0,5.243,0.049294384,0.052959596,0,0,0,0,0,74,82,68,79,65,3750000,3500,11,Bin1,78.155,14.369,4.66,2.136,0.68,14.369,4.66,0.68,2.4973
Prairie,AUGHLShaw2,Shaw,2019,Aug,23,08.23.19,Asteracaea,Rudbeckia,R.triloba,H.ligatus,28,100,1,2,20.28,19.79,0.975838264,0.706785714,0,0,0,0,0,0,0.49,0.024161736,0.0175,0,0,0,0,0,74,82,68,79,65,3750000,3500,11,Bin1,78.155,14.369,4.66,2.136,0.68,14.369,4.66,0.68,2.4973
Prairie,JulyHLShaw2,Shaw,2019,Jul,1,07.01.19,Asteracaea,Rudbeckia,R.triloba,H.ligatus,31,100,1,2,19.9,19,0.954773869,0.612903226,0,0,0,0,0,0,0.9,0.045226131,0.029032258,0,0,0,0,0,83,91,75,88,60,3750000,3500,17,Bin1,78.155,14.369,4.66,2.136,0.68,14.369,4.66,0.68,2.4973
Prairie,vid10.Shaw.7.26.21,Shaw,2021,Jul,26,07.26.21,Asteracaea,Coreopsis,C.lanceolata,H.ligatus,35,100,2,3,30.452,18.695,0.613916984,0.534142857,4.504,0.1479049,0.128685714,0,0,0,7.253,0.238178116,0.207228571,0,0,0,0,0,82,90,75,88,42,3750000,3500,9,Bin1,78.155,14.369,4.66,2.136,0.68,14.369,4.66,0.68,2.4973
Prairie,JuneHLShaw2,Shaw,2019,Jun,24,06.24.19,Asteracaea,Rudbeckia,R.laciniata,H.ligatus,33,100,2,3,25.766,18.243,0.708026081,0.552818182,2.238,0.086858651,0.067818182,0,0,0,5.285,0.205115268,0.160151515,0,0,0,0,0,72.2,81,68,70,55,3750000,3500,16,Bin1,78.155,14.369,4.66,2.136,0.68,14.369,4.66,0.68,2.4973
Prairie,Jul15Shaw5,Shaw,2020,Jul,15,07.15.20,Asteracaea,Ratibida,R.pinnata,H.ligatus,52,100,2,1,18.7,17.6,0.941176471,0.338461538,0.5,0.026737968,0.009615385,0,0,0,0.6,0.032085561,0.011538462,0,0,0,0,0,79.64,93,72,85,65,3750000,1600,17,Bin1,78.155,14.369,4.66,2.136,0.68,14.369,4.66,0.68,2.4973
Prairie,Jul15Shaw8,Shaw,2020,Jul,15,07.15.20,Asteracaea,Ratibida,R.pinnata,H.ligatus,39,100,2,2,20.1,17.3,0.860696517,0.443589744,0.7,0.034825871,0.017948718,0,0,0,2.1,0.104477612,0.053846154,0,0,0,0,0,79.64,93,72,85,65,3750000,1600,17,Bin1,78.155,14.369,4.66,2.136,0.68,14.369,4.66,0.68,2.4973
Prairie,vid5_Shaw_aug1521,Shaw,2021,Aug,15,09.15.21,Asteracaea,Rudbeckia,R.hirta,H.ligatus,59,100,1,6,21.92,16.015,0.730611314,0.271440678,0,0,0,0,0,0,5.905,0.269388686,0.100084746,0,0,0,0,0,75,82,68,81,47,3750000,3500,5,Bin1,78.155,14.369,4.66,2.136,0.68,14.369,4.66,0.68,2.4973
Prairie,vid5_Shaw_jul2221,Shaw,2021,Jul,22,07.22.21,Asteracaea,Ratibida,R.pinnata,H.ligatus,32,100,1,1,16.113,16.001,0.993049091,0.50003125,0,0,0,0,0,0,0.112,0.006950909,0.0035,0,0,0,0,0,83,90,74,86,55,3750000,1600,9,Bin1,78.155,14.369,4.66,2.136,0.68,14.369,4.66,0.68,2.4973
Prairie,JulyHLShaw5,Shaw,2019,Jul,19,07.19.19,Asteracaea,Coreopsis,C.lanceolata,H.ligatus,21,100,2,1,29.19,15.8,0.541281261,0.752380952,0,0,0,0,0,0,0.39,0.01336074,0.018571429,13,0.445357999,0.619047619,0,0,85,95,75,91,62,3750000,3500,17,Bin1,78.155,14.369,4.66,2.136,0.68,14.369,4.66,0.68,2.4973
Prairie,vid7.Shaw.7.26.21,Shaw,2021,Jul,26,07.26.21,Asteracaea,Coreopsis,C.lanceolata,H.ligatus,42,100,1,5,20.607,15.749,0.764254865,0.37497619,0,0,0,0,0,0,4.858,0.235745135,0.115666667,0,0,0,0,0,82,90,75,88,42,3750000,3500,9,Bin1,78.155,14.369,4.66,2.136,0.68,14.369,4.66,0.68,2.4973
Prairie,Aug12Shaw3,Shaw,2020,Aug,12,08.12.20,Asteracaea,Coreopsis,C.lanceolata,H.ligatus,55,100,2,4,52,29,0.557692308,0.527272727,19,0.365384615,0.345454545,0,0,0,4,0.076923077,0.072727273,0,0,0,0,0,80,90,72,85,58,3750000,3500,11,Bin1,0,1.52449,18.456,42.361,37.658,1.5245,18.456,37.6581252,2.4973
Prairie,vid3_Shaw_aug1521,Shaw,2021,Aug,15,09.15.21,Asteracaea,Echinacea,E.purpurea,H.ligatus,36,100,2,1,34.066,28.228,0.828626783,0.784111111,4.337,0.127311689,0.120472222,0,0,0,1.501,0.044061528,0.041694444,0,0,0,0,0,75,82,68,81,47,3750000,3500,5,Bin1,0,1.52449,18.456,42.361,37.658,1.5245,18.456,37.6581252,2.4973
Prairie,vid6_Shaw_jul521,Shaw,2021,Jul,5,07.05.21,Asteracaea,Ratibida,R.pinnata,H.ligatus,41,100,2,2,31.486,27.741,0.881058248,0.676609756,3.745,0.118941752,0.091341463,0,0,0,0,0,0,0,0,0,0,0,82,91,73,85,49,3750000,1600,3,Bin1,0,1.52449,18.456,42.361,37.658,1.5245,18.456,37.6581252,2.4973
Prairie,vid13_Shaw_jul521,Shaw,2021,Jul,5,07.05.21,Asteracaea,Ratibida,R.pinnata,H.ligatus,37,100,2,2,32.406,26.902,0.83015491,0.727081081,4.001,0.12346479,0.108135135,0,0,0,1.503,0.0463803,0.040621622,0,0,0,0,0,82,91,73,85,49,3750000,1600,3,Bin1,0,1.52449,18.456,42.361,37.658,1.5245,18.456,37.6581252,2.4973
Prairie,Jul15Shaw6,Shaw,2020,Jul,15,07.15.20,Asteracaea,Ratibida,R.pinnata,H.ligatus,131,100,4,3,37.247,26.835,0.720460708,0.204847328,4.839,0.129916503,0.036938931,0.835,0.022417913,0.006374046,1.302,0.034955835,0.009938931,3.436,0.09224904,0.026229008,0,0,79.64,93,72,85,65,3750000,1600,17,Bin1,0,1.52449,18.456,42.361,37.658,1.5245,18.456,37.6581252,2.4973
Prairie,JulyHLShaw7,Shaw,2019,Jul,19,07.19.19,Asteracaea,Coreopsis,C.lanceolata,H.ligatus,40,100,2,4,46.894,25.639,0.54674372,0.640975,16.05,0.34226127,0.40125,0,0,0,5.205,0.11099501,0.130125,0,0,0,0,0,85,95,75,91,62,3750000,3500,17,Bin1,0,1.52449,18.456,42.361,37.658,1.5245,18.456,37.6581252,2.4973
Prairie,vid11_Shaw_jul521,Shaw,2021,Jul,5,07.05.21,Asteracaea,Ratibida,R.pinnata,H.ligatus,38,100,2,3,27.505,24.005,0.872750409,0.631710526,3.249,0.118123977,0.0855,0,0,0,0.251,0.009125614,0.006605263,0,0,0,0,0,82,91,73,85,49,3750000,1600,3,Bin1,0,1.52449,18.456,42.361,37.658,1.5245,18.456,37.6581252,2.4973
Prairie,vid5.Shaw.7.26.21,Shaw,2021,Jul,26,07.26.21,Asteracaea,Coreopsis,C.lanceolata,H.ligatus,58,100,2,8,30.617,23.545,0.769017213,0.405948276,0.306,0.009994448,0.005275862,0,0,0,6.766,0.22098834,0.116655172,0,0,0,0,0,82,90,75,88,42,3750000,3500,9,Bin1,0,1.52449,18.456,42.361,37.658,1.5245,18.456,37.6581252,2.4973
Prairie,vid2_Shaw_jul2221,Shaw,2021,Jul,22,07.22.21,Asteracaea,Ratibida,R.pinnata,H.ligatus,36,100,2,2,30.252,22.998,0.760214201,0.638833333,0,0,0,0,0,0,5.756,0.190268412,0.159888889,1.498,0.049517387,0.041611111,0,0,83,90,74,86,55,3750000,1600,9,Bin1,0,1.52449,18.456,42.361,37.658,1.5245,18.456,37.6581252,2.4973
Prairie,vid3_Shaw_jul521,Shaw,2021,Jul,5,07.05.21,Asteracaea,Ratibida,R.pinnata,H.ligatus,37,100,1,1,22.251,22.251,1,0.601378378,0,0,0,0,0,0,0,0,0,0,0,0,0,0,82,91,73,85,49,3750000,1600,3,Bin1,0,1.52449,18.456,42.361,37.658,1.5245,18.456,37.6581252,2.4973